session_id,user_state,user_gender,user_age,user_degree,user_politics,user_vote,user_religion,user_ethnicity,user_income,session_submit_time
304SM51WA34Z8NSIG9O4L67H4DVBS4,New Jersey,male,1.53650669,1.033064228,democrat,yes,agnostic,caucasian,-0.615563148,34:05.1
304SM51WA34Z8NSIG9O4L67H5OCBS8,Pennsylvania,female,-0.849209074,0.46326104,democrat,yes,protestant,caucasian,0.410849307,52:24.3
304SM51WA34Z8NSIG9O4L67H5OZBSV,Wisconsin,male,-0.849209074,1.033064228,independent,yes,athiest,caucasian,0.410849307,00:45.4
308Q0PEVB8DRQGAPDDGUQY648WC9IL,Illinois,male,-0.849209074,1.602867415,republican,yes,roman catholic,caucasian,1.437261761,13:25.9
308XBLVESI4N78S51KOZVW2LJMKBRB,California,female,-0.053970486,0.46326104,democrat,yes,roman catholic,caucasian,-0.615563148,27:44.9
30BUDKLTXDVW9O6RE4DMT33AUMJ5E8,Georgia,male,0.741268102,-1.246148522,independent,no,athiest,caucasian,-0.615563148,26:31.6
30BXRYBRP4X26HCD068146D05G2HW1,Indiana,female,-0.849209074,1.033064228,democrat,yes,agnostic,caucasian,-0.615563148,51:47.5
30IQTZXKAK66KHB7C3X20XSQRG90X7,Kentucky,female,0.741268102,-0.106542147,democrat,yes,protestant,caucasian,-0.615563148,20:31.4
30IQTZXKAK66KHB7C3X20XSQRJAX0B,Ohio,female,-1.644447662,-1.81595171,independent,no,protestant,caucasian,-1.641975603,23:47.7
30JNVC0OR9KXMKGROX9VCHVEI4YHQP,Texas,female,-0.053970486,-1.246148522,republican,yes,protestant,caucasian,0.410849307,29:47.5
30JNVC0OR9KXMKGROX9VCHVEIE8QHS,Ohio,female,-0.849209074,0.46326104,independent,yes,nothing,caucasian,-0.615563148,49:12.8
30LSNF239UVGQWPQS41FGBYQ1SAI2D,New York,male,-0.053970486,1.033064228,independent,yes,protestant,asian,0.410849307,45:09.4
30OG32W0SUB0ZDCXI498NK3WKBXNE1,Ohio,female,-0.053970486,0.46326104,democrat,yes,agnostic,caucasian,0.410849307,22:07.7
30OG32W0SUB0ZDCXI498NK3WKSWNEY,California,female,-0.849209074,1.033064228,independent,yes,protestant,caucasian,0.410849307,32:34.8
30OG32W0SUB0ZDCXI498NK3WMHRNE9,South Carolina,male,-0.849209074,0.46326104,republican,yes,protestant,african american,0.410849307,00:06.8
30ZX6P7VF8VCL79WAMMFSCDQFKO2JP,Minnesota,female,0.741268102,0.46326104,democrat,yes,roman catholic,caucasian,0.410849307,48:07.2
3137ONMDKG5UPLVBV0WDX0UZJZBGEM,Texas,female,-0.053970486,-1.246148522,democrat,yes,nothing,caucasian,-0.615563148,16:54.2
317HQ483I7SCFIEJENZZ8Z1ODJYNIZ,Illinois,male,-0.053970486,0.46326104,republican,yes,athiest,caucasian,0.410849307,05:36.2
317HQ483I7SCFIEJENZZ8Z1ODPWNI9,Minnesota,female,-0.849209074,0.46326104,democrat,yes,athiest,two or more,0.410849307,31:25.9
3180JW2OT4C4K4SJS5ODQJG2ZI5J59,California,female,-0.053970486,-0.106542147,something else,no,agnostic,caucasian,-0.615563148,13:27.3
31EUONYN2V3ZJ9YVE9YV2DRN97TVOZ,Georgia,male,1.53650669,1.033064228,independent,yes,protestant,caucasian,2.463674216,20:45.5
31IBVUNM9SZ5DWL2F6F5FJI9IFEFVS,Florida,female,-0.053970486,0.46326104,republican,yes,protestant,caucasian,0.410849307,15:01.3
31IBVUNM9SZ5DWL2F6F5FJI9IFIFVW,Connecticut,male,-0.849209074,-1.81595171,independent,no,agnostic,caucasian,-0.615563148,38:53.8
31IBVUNM9SZ5DWL2F6F5FJI9JB5VFS,California,male,-0.849209074,0.46326104,democrat,yes,roman catholic,asian,0.410849307,59:58.3
31JLPPHS2UUF70WCUZSPJIZ4IR1O34,California,male,2.331745278,0.46326104,republican,yes,roman catholic,caucasian,0.410849307,18:10.4
31JLPPHS2UUF70WCUZSPJIZ4JWCO3Q,Florida,female,-0.849209074,-0.106542147,independent,yes,athiest,asian,1.437261761,18:40.9
31LM9EDVOLS8ATYPW5KZK0GOPJTNJM,Pennsylvania,male,1.53650669,-1.246148522,independent,yes,agnostic,caucasian,-0.615563148,18:08.4
31LVTDXBL7AZKHEHSXDT9ZYQTY6RLK,Michigan,female,-0.849209074,-1.246148522,democrat,yes,agnostic,caucasian,0.410849307,34:13.9
31LVTDXBL7AZKHEHSXDT9ZYQV68RL4,South Carolina,female,3.126983865,-1.246148522,republican,yes,protestant,caucasian,-0.615563148,21:35.3
31N2WW6R9RQL1NJJVW9ZWOQQQRXF3Y,Georgia,male,-0.849209074,1.033064228,democrat,yes,athiest,caucasian,-0.615563148,39:27.4
31Q0U3WYDPFCCRQYQ9X4K3YCWYB17V,Texas,male,1.53650669,0.46326104,democrat,yes,athiest,caucasian,0.410849307,21:54.1
31QNSG6A5RTUNRAJPU6JZDLKAWG875,Indiana,female,-1.644447662,-1.246148522,independent,yes,nothing,caucasian,-0.615563148,34:34.3
31QTRG6Q2TDY8351YKYUYC073J4PYE,Maryland,female,-0.053970486,0.46326104,independent,yes,protestant,caucasian,1.437261761,35:31.2
31T4R4OBOSGWZU0W66MO1ZH30G17CW,Texas,male,-0.849209074,0.46326104,republican,yes,roman catholic,latino/hispanic,-0.615563148,33:50.2
31Z0PCVWUKFDLB27SSHEQ9H7OHG7TO,Texas,female,0.741268102,0.46326104,republican,yes,roman catholic,caucasian,0.410849307,50:43.7
323Q6SJS8IG0VVQIAHY10IR09S4FHM,Arizona,female,-0.053970486,-1.81595171,independent,no,roman catholic,asian,-1.641975603,58:48.6
323Q6SJS8IG0VVQIAHY10IR0A71FHE,Colorado,female,0.741268102,0.46326104,democrat,yes,athiest,caucasian,-0.615563148,47:06.4
324G5B4FB38C525GUQT46YF2RRA072,New Jersey,female,0.741268102,0.46326104,republican,yes,protestant,caucasian,-0.615563148,00:49.0
326O153BMIYRD1LKTAV5RFR27VIDE9,Georgia,male,-0.849209074,1.033064228,independent,yes,athiest,caucasian,-1.641975603,49:59.3
32AT8R96GL9E4M1OG05ZQWZ5UBQSUH,West Virginia,male,-1.644447662,0.46326104,independent,yes,agnostic,latino/hispanic,-0.615563148,32:41.8
32AT8R96GL9E4M1OG05ZQWZ5UUMSUF,New York,male,-0.053970486,0.46326104,independent,yes,agnostic,caucasian,0.410849307,59:26.7
32EYX73OY092371B1B5U0MU96OCURS,Wisconsin,male,-0.053970486,-0.106542147,republican,yes,agnostic,caucasian,0.410849307,17:34.6
32EYX73OY092371B1B5U0MU98JURUZ,Kentucky,female,0.741268102,1.033064228,republican,yes,protestant,caucasian,1.437261761,25:25.8
32KTQ2V7RDFDMZ0GYSEMIRDLP9ZM9P,Maryland,male,-0.849209074,-1.81595171,democrat,yes,roman catholic,caucasian,-0.615563148,25:53.3
32N49TQG3GIAH54U4QTD1I7IMA1AVX,Georgia,female,0.741268102,1.033064228,democrat,yes,protestant,caucasian,1.437261761,28:44.4
32N49TQG3GIAH54U4QTD1I7IMMYVA3,Nevada,female,-0.849209074,-1.246148522,democrat,yes,roman catholic,latino/hispanic,0.410849307,49:04.6
32N49TQG3GIAH54U4QTD1I7IMVMVA9,New Jersey,male,-0.053970486,0.46326104,democrat,yes,roman catholic,caucasian,-0.615563148,08:30.9
32N49TQG3GIAH54U4QTD1I7IMVMVA9,New York,male,-0.849209074,0.46326104,democrat,yes,muslim,african american,0.410849307,48:06.9
32N49TQG3GIAH54U4QTD1I7IMVOAVQ,California,male,0.741268102,1.033064228,democrat,yes,protestant,caucasian,2.463674216,37:36.0
32Q90QCQ1SLZR7RULRHSVSMSRT2KEU,New Jersey,female,-0.053970486,-1.81595171,democrat,no,agnostic,caucasian,-0.615563148,14:02.8
32RIADZISS4FNO791UEHDS1BVI9S45,"Washington, D.C.",male,-0.053970486,-1.246148522,democrat,yes,protestant,african american,0.410849307,30:29.4
32RIADZISS4FNO791UEHDS1BVYBS43,Arizona,female,-0.053970486,0.46326104,independent,yes,nothing,two or more,-1.641975603,44:28.8
32SCWG5HIH4WPJVVS132FLGE44DP66,Missouri,female,1.53650669,0.46326104,republican,yes,roman catholic,caucasian,0.410849307,50:31.1
32SVAV9L3F9Q5W2BKGN7INFZUF83A6,Ohio,male,0.741268102,2.172670603,don't know,no,hindu,asian,-0.615563148,18:36.3
32SVAV9L3F9Q5W2BKGN7INFZV1OA32,Illinois,female,0.741268102,1.033064228,democrat,yes,protestant,caucasian,0.410849307,57:26.7
32UTUBMZ7GWF0F9MA4T9WTRO2DPBV0,Tennessee,female,-0.849209074,0.46326104,republican,yes,roman catholic,caucasian,-0.615563148,38:26.1
32UTUBMZ7GWF0F9MA4T9WTRO4J7BVW,Florida,male,-0.849209074,0.46326104,democrat,yes,roman catholic,caucasian,-0.615563148,22:00.5
32VNZTT0A743M97WM5ECNIWF9ZUR4M,Minnesota,male,-0.053970486,-1.246148522,democrat,yes,athiest,caucasian,-1.641975603,18:49.0
32Z9ZLUT1LKU183B9KHRNC0E3XHOHD,North Carolina,female,2.331745278,1.033064228,independent,yes,roman catholic,caucasian,0.410849307,38:29.1
32ZKVD547FNVO673QUN3DYZ5D9WB31,Kentucky,female,-0.849209074,-1.246148522,republican,no,protestant,two or more,-1.641975603,53:27.1
3300DTYQT2HL2APPYW1PREY1PMLQES,Ohio,male,-0.849209074,0.46326104,democrat,yes,athiest,caucasian,0.410849307,19:03.4
3300DTYQT2HL2APPYW1PREY1QIAQEA,Virginia,male,-0.849209074,0.46326104,republican,yes,roman catholic,african american,0.410849307,58:04.1
336KAV9KYQS2GW4VWMNI2ZSESVP2YP,California,female,0.741268102,0.46326104,republican,yes,protestant,asian,0.410849307,52:24.7
336YQZE83VEULCY4V2156B8J2SS5MM,Tennessee,female,0.741268102,-0.106542147,republican,yes,protestant,caucasian,0.410849307,42:59.0
337RC3OW052RDOVY1HI3AWNTGMWVLW,New York,male,1.53650669,1.033064228,democrat,yes,agnostic,caucasian,1.437261761,33:08.9
33CID57104T71FTFH7CXR1VAOR7L36,Ohio,female,-0.053970486,-1.81595171,republican,yes,athiest,caucasian,0.410849307,18:36.8
33CKWXB73JKY15BW1TGVJT7ZTGN11I,Michigan,female,-0.849209074,-0.106542147,democrat,yes,agnostic,caucasian,-0.615563148,43:43.2
33CUSNVVNNCYN5F2ZZYPDDHFJ5A88S,Mississippi,male,-0.053970486,0.46326104,democrat,yes,athiest,african american,0.410849307,06:47.6
33CUSNVVNNCYN5F2ZZYPDDHFJ8J887,Minnesota,male,-0.849209074,-0.676345335,republican,yes,agnostic,caucasian,-0.615563148,15:02.3
33FBRBDW6OZ0Z85FGBEUFZDY9VBC8G,Colorado,other,-0.053970486,-1.246148522,independent,yes,athiest,caucasian,-1.641975603,29:52.2
33FOTY3KEMLIO8LUHQ5F0PQQXV71C1,West Virginia,female,-0.053970486,-1.81595171,independent,no,nothing,caucasian,-0.615563148,27:39.2
33IZTU6J8116LQVJL5GMA3Y9NGGXSW,Nevada,female,-0.053970486,-0.676345335,independent,yes,nothing,two or more,0.410849307,19:37.1
33JKGHPFYCUYB14AZ2XR0S85UPRNMI,Louisiana,female,1.53650669,-1.81595171,republican,yes,protestant,caucasian,0.410849307,52:50.0
33L7PJKHCGYHLP7Q2X9K49D2YQLT89,New York,male,-0.849209074,0.46326104,democrat,yes,roman catholic,caucasian,0.410849307,17:44.4
33L7PJKHCGYHLP7Q2X9K49D2Z53T8M,Texas,female,0.741268102,0.46326104,independent,yes,protestant,asian,-0.615563148,50:43.5
33LK57MYLT5VQLVYMN477OEKWIIZS4,Georgia,female,-0.053970486,-1.81595171,democrat,yes,nothing,caucasian,0.410849307,42:58.8
33LKR6A5KEKZAPN53C05PZQULDI1TN,Hawaii,male,1.53650669,0.46326104,republican,yes,protestant,asian,0.410849307,03:27.5
33M4IA01QG1UKBV66GGHKTTD29KRXG,Georgia,female,-0.053970486,0.46326104,independent,yes,protestant,caucasian,0.410849307,28:31.4
33OOO72IVHLJXSX3J9PP6V9LPWKCT7,California,female,1.53650669,-0.106542147,democrat,yes,nothing,african american,-0.615563148,04:34.9
33PPO7FECVF3T6N6PTLWCUPUY02DII,South Carolina,female,-0.053970486,0.46326104,republican,yes,protestant,caucasian,0.410849307,18:28.5
33PPUNGG385JP6VL7Y42HE9O85ERZZ,Illinois,female,-0.053970486,0.46326104,democrat,yes,athiest,caucasian,1.437261761,15:38.9
33SA9F9TRXUQM7LBA50VJ3GNEZ0WEP,Florida,male,1.53650669,-1.246148522,republican,yes,protestant,caucasian,0.410849307,19:47.2
33TIN5LC04ADGGPUHV2XCM0SWSUY9O,Hawaii,male,-0.053970486,0.46326104,independent,yes,athiest,asian,1.437261761,36:30.8
33UKMF9319K0J9ZE5VKFV59PC36TTY,Virginia,male,-0.849209074,-1.246148522,independent,yes,nothing,caucasian,0.410849307,16:16.1
33UKMF9319K0J9ZE5VKFV59PDZITT3,Rhode Island,male,-0.053970486,0.46326104,democrat,yes,athiest,caucasian,1.437261761,43:26.7
34BBWHLWHAB22CNX6OQM4IEF642WIH,Texas,female,-0.053970486,0.46326104,republican,no,nothing,two or more,-1.641975603,48:04.7
34FNN24DCM9UFTNIE5PG06VQAXYY5M,North Carolina,female,-0.849209074,-0.106542147,democrat,no,nothing,african american,-1.641975603,05:54.2
34HJIJKLP5WVFGODVPJMOFLIU0CV4E,Virginia,male,-0.849209074,0.46326104,republican,yes,jewish,caucasian,0.410849307,09:56.7
34HJIJKLP5WVFGODVPJMOFLIULRV4Z,Virginia,male,-0.849209074,0.46326104,republican,yes,protestant,caucasian,1.437261761,39:40.7
34HJIJKLP5WVFGODVPJMOFLIUR64VZ,Ohio,male,2.331745278,-1.246148522,republican,yes,protestant,caucasian,-0.615563148,18:45.3
34MAJL3QP4NB37MUBFDG5KTZ11S433,Oregon,female,0.741268102,-1.246148522,republican,yes,protestant,caucasian,0.410849307,02:51.4
34MAJL3QP4NB37MUBFDG5KTZ25C34V,Alabama,female,-0.053970486,0.46326104,democrat,yes,agnostic,caucasian,-0.615563148,25:56.1
34MAJL3QP4NB37MUBFDG5KTZ32H43W,California,female,0.741268102,0.46326104,democrat,yes,protestant,caucasian,1.437261761,05:07.3
34PGFRQONOBYXN73O6BMGJTFJ9CWJU,Hawaii,male,-0.053970486,-0.676345335,independent,yes,agnostic,caucasian,-0.615563148,49:41.2
34QN5IT0TZRG5GAZ4VLAKYBX09U08X,Missouri,male,1.53650669,1.033064228,democrat,yes,athiest,caucasian,0.410849307,21:31.6
34QN5IT0TZRG5GAZ4VLAKYBX2BA08J,Mississippi,female,0.741268102,0.46326104,republican,yes,protestant,caucasian,0.410849307,30:37.3
34QN5IT0TZRG5GAZ4VLAKYBX2BA80R,North Carolina,male,-0.053970486,0.46326104,democrat,yes,roman catholic,asian,0.410849307,29:13.2
34QN5IT0TZRG5GAZ4VLAKYBX2SH08O,Maryland,male,-0.053970486,1.033064228,democrat,yes,nothing,african american,-0.615563148,53:49.2
34S6N1K2ZVJMVN0EWS1ZVVWK8BKLH3,New York,male,-0.053970486,0.46326104,democrat,yes,agnostic,caucasian,1.437261761,12:39.0
34S9DKFK73PY5ITOI5L2UNVC1GWYN6,Texas,female,2.331745278,-0.106542147,republican,yes,protestant,caucasian,-0.615563148,02:41.8
34S9DKFK73PY5ITOI5L2UNVC34RYNF,Rhode Island,male,-0.849209074,1.033064228,democrat,yes,nothing,caucasian,1.437261761,20:05.3
34V1S5K3GS1BXWFOBC75TVGZYOS963,Michigan,other,-0.849209074,-0.106542147,democrat,no,athiest,asian,-1.641975603,20:23.0
34V1S5K3GS1BXWFOBC75TVGZZ25969,Florida,female,0.741268102,2.172670603,democrat,yes,orthodox,caucasian,0.410849307,34:10.9
34X6J5FLPTYTDQBHCXCGOUBTV80QJP,New York,female,0.741268102,-1.246148522,independent,yes,nothing,caucasian,-1.641975603,15:36.9
351SEKWQS0HPPPDXA8JO4NWBF9MDMY,Virginia,male,-0.849209074,-1.246148522,independent,yes,agnostic,caucasian,0.410849307,17:27.2
352YTHGROVDQXFTTQ02I9EU9MMR4HP,Maine,female,0.741268102,-1.246148522,independent,yes,nothing,caucasian,0.410849307,41:40.9
354P56DE9K3C6BPS3SCOG4LLKEKS7W,Indiana,male,-0.849209074,1.033064228,democrat,yes,jewish,native american,-1.641975603,19:07.3
354P56DE9K3C6BPS3SCOG4LLMJ0S7O,Wisconsin,female,-0.849209074,1.033064228,democrat,yes,roman catholic,caucasian,0.410849307,57:03.2
354P56DE9K3C6BPS3SCOG4LLMJT7SW,Pennsylvania,female,-0.849209074,-0.106542147,democrat,yes,athiest,caucasian,-0.615563148,01:57.3
3570Y55XZPJSVQC2V18743MF06WGY6,Nevada,male,-1.644447662,-1.246148522,democrat,yes,athiest,two or more,1.437261761,47:19.0
3570Y55XZPJSVQC2V18743MF277YG3,Michigan,female,0.741268102,-1.81595171,independent,don't know,nothing,caucasian,0.410849307,02:41.8
358UUM7WRZ305WPFO3CJQUGP0WBR7N,New York,female,-0.849209074,1.033064228,democrat,yes,athiest,caucasian,0.410849307,12:47.9
35BLDD71I6XBIDC2GI9CIBYRTF2ZVJ,California,female,1.53650669,0.46326104,independent,yes,nothing,caucasian,0.410849307,57:25.2
35DR22AR5DK219A4VQFL2VQXW313X1,North Carolina,female,0.741268102,0.46326104,democrat,yes,protestant,african american,0.410849307,26:48.3
35GCEFQ6I5OR64AJW836ZG682WJZ3Y,Illinois,female,-0.053970486,0.46326104,democrat,yes,roman catholic,caucasian,0.410849307,01:31.7
35GMH2SV3EHIHYC9JJ9L2931AL2OEH,Kansas,male,-0.053970486,-1.246148522,republican,yes,protestant,caucasian,-0.615563148,13:58.6
35GMH2SV3EHIHYC9JJ9L2931BHSOE0,Michigan,female,-0.053970486,0.46326104,democrat,yes,roman catholic,caucasian,0.410849307,56:48.1
35H6S234SA0SW9DC8MUOHFBXDDZ565,California,female,-0.849209074,0.46326104,republican,yes,roman catholic,caucasian,-1.641975603,38:09.6
35LDD5557A4X3VJ72P5B80R1YD6MKW,Virginia,female,-0.053970486,-0.106542147,something else,no,protestant,other/unknown,-0.615563148,51:03.8
369J354OFDAQC62WPIDFLC2M21NG61,Florida,male,-0.849209074,-1.246148522,democrat,yes,agnostic,african american,0.410849307,21:03.7
369J354OFDAQC62WPIDFLC2M21O6GS,Florida,female,-0.849209074,0.46326104,independent,yes,roman catholic,caucasian,0.410849307,19:49.3
369J354OFDAQC62WPIDFLC2M2F96G5,Kentucky,female,0.741268102,-0.106542147,republican,yes,protestant,caucasian,1.437261761,30:30.9
36AHBNMV1RCPJ62BTB7ZYIJIOJ2DYQ,Ohio,male,-0.053970486,0.46326104,democrat,yes,protestant,caucasian,0.410849307,28:09.1
36AHBNMV1RCPJ62BTB7ZYIJIPUXDY8,California,male,0.741268102,-1.246148522,independent,yes,protestant,two or more,-1.641975603,47:55.6
36DSNE9QZ5YQSEY1XKKCZPGTEODOJ6,Georgia,male,-0.053970486,0.46326104,democrat,yes,athiest,caucasian,1.437261761,40:03.3
36DSNE9QZ5YQSEY1XKKCZPGTFT5JO4,Connecticut,female,0.741268102,-1.81595171,democrat,yes,protestant,caucasian,-0.615563148,07:27.9
36DSNE9QZ5YQSEY1XKKCZPGTFTYJOX,New York,male,-1.644447662,0.46326104,democrat,yes,agnostic,asian,-1.641975603,15:21.6
36TFCYNS44AHVHH3AB4N6PR7F84HX7,Ohio,female,-0.849209074,0.46326104,independent,yes,protestant,caucasian,1.437261761,57:02.5
36U2A8VAG1ZXXC8LLSTM2VE888AKYH,Virginia,female,1.53650669,1.033064228,democrat,yes,protestant,african american,-0.615563148,37:14.5
36U2A8VAG1ZXXC8LLSTM2VE89KBKY7,Texas,male,-0.849209074,1.033064228,republican,yes,roman catholic,caucasian,0.410849307,45:45.5
36U2A8VAG1ZXXC8LLSTM2VE89UZYKT,Alabama,male,-0.053970486,0.46326104,democrat,yes,protestant,two or more,-1.641975603,37:30.0
36W0OB37HWE60CHIBTS83A7INJ1ZH7,Kentucky,female,-0.053970486,0.46326104,republican,yes,roman catholic,asian,1.437261761,49:24.1
36W0OB37HWE60CHIBTS83A7INQYZHI,New Jersey,male,1.53650669,1.033064228,republican,yes,roman catholic,caucasian,1.437261761,33:49.7
373ERPL3YO8N3UMM16FKVQ87P2YRTD,California,male,0.741268102,0.46326104,independent,yes,nothing,caucasian,0.410849307,19:02.6
374TNBHA8BVJ8F6GYXDJYHQH80VQYH,Florida,female,-0.849209074,-1.246148522,republican,no,nothing,caucasian,-0.615563148,50:51.7
374TNBHA8BVJ8F6GYXDJYHQH82PQYF,California,female,0.741268102,-0.106542147,democrat,yes,nothing,african american,0.410849307,50:47.4
378XPAWRUCD5VZKU5JUUMTHOEENAIU,North Dakota,female,-0.849209074,-0.106542147,republican,no,agnostic,caucasian,0.410849307,31:05.2
378XPAWRUCD5VZKU5JUUMTHOETRAIS,California,male,-0.053970486,0.46326104,democrat,yes,roman catholic,caucasian,0.410849307,34:47.4
379J5II41OGABD9C6RTTASZ7E8TEL5,New York,male,0.741268102,0.46326104,republican,yes,roman catholic,other/unknown,-0.615563148,23:42.9
379J5II41OGABD9C6RTTASZ7GATELB,Louisiana,female,-0.849209074,0.46326104,democrat,no,roman catholic,asian,-1.641975603,15:25.8
37FMASSAYCRAE9PMBXUQH41UVFQBI9,Maryland,female,-0.849209074,-1.81595171,democrat,yes,protestant,african american,-1.641975603,17:07.0
37KGEN7NJ3Q4ZPD07X2BLL7VXQZPP4,Virginia,female,-0.849209074,0.46326104,democrat,yes,nothing,caucasian,-0.615563148,26:27.3
37M28K1J0QD1QA40N1FUYUWORR9AJZ,Georgia,female,-0.053970486,0.46326104,democrat,yes,nothing,african american,-1.641975603,14:08.7
37Q970SNZE8YVPAQECVFFUU8HX7S1W,Pennsylvania,female,-0.849209074,-1.81595171,independent,yes,athiest,caucasian,-0.615563148,23:48.5
37Q970SNZE8YVPAQECVFFUU8I131SA,New York,male,-0.849209074,1.602867415,independent,yes,athiest,caucasian,2.463674216,20:14.4
37QW5D2ZRGMG6PUBDX4UU4HGVYRS8K,Arizona,male,-0.849209074,-0.676345335,republican,yes,nothing,caucasian,-0.615563148,25:27.5
37QW5D2ZRGMG6PUBDX4UU4HGX4ES8L,Kentucky,female,-0.053970486,-1.246148522,democrat,yes,nothing,caucasian,-0.615563148,26:32.0
37QW5D2ZRGMG6PUBDX4UU4HGX9M8SJ,Texas,male,-1.644447662,-1.81595171,independent,yes,agnostic,caucasian,0.410849307,53:19.7
37TRT2X24QR69K9STFFQT5GU98VJB2,Illinois,male,-0.053970486,0.46326104,democrat,yes,nothing,asian,0.410849307,53:41.5
37UQDCYH6XVSY36WXNHTRR5SMWCV7X,Idaho,female,-0.849209074,-1.246148522,independent,no,protestant,two or more,-1.641975603,51:00.4
37W3JXSD668OSC22A6CPQ683UTJWYG,California,female,-0.053970486,1.033064228,democrat,no,jewish,caucasian,0.410849307,51:05.7
37W3JXSD668OSC22A6CPQ683W0SWY5,Hawaii,male,0.741268102,1.033064228,republican,yes,roman catholic,african american,0.410849307,33:36.3
37W3JXSD668OSC22A6CPQ683WAQWYN,Iowa,male,-0.053970486,2.172670603,independent,yes,athiest,caucasian,1.437261761,02:12.6
37W3JXSD668OSC22A6CPQ683WGLYWW,"Washington, D.C.",male,-0.849209074,0.46326104,independent,no,agnostic,caucasian,0.410849307,19:47.9
37W3JXSD668OSC22A6CPQ683X4QWYC,South Carolina,female,-0.849209074,-1.81595171,independent,no,agnostic,native american,-1.641975603,19:30.3
37WLF8U1WPQVESYFF9YUJ4UFAKNK6W,Colorado,female,0.741268102,0.46326104,democrat,yes,roman catholic,caucasian,-0.615563148,18:44.3
37XITHEISW96HDKBFKKU6G8310LRCL,North Carolina,female,2.331745278,0.46326104,democrat,yes,athiest,caucasian,1.437261761,00:21.1
37XITHEISW96HDKBFKKU6G83ZRARCQ,Texas,female,-0.053970486,0.46326104,independent,no,roman catholic,asian,0.410849307,21:26.2
37ZHEEHM6WM8MU4DDDBN8WD9T7573M,New York,male,0.741268102,-0.676345335,democrat,yes,roman catholic,caucasian,0.410849307,30:39.4
382M9COHEHFDU3W6F5LU1FVQTAYUEF,Arizona,female,1.53650669,-0.106542147,democrat,yes,roman catholic,caucasian,-0.615563148,21:25.3
382M9COHEHFDU3W6F5LU1FVQTB2UEL,New Jersey,male,1.53650669,-0.676345335,republican,yes,protestant,caucasian,0.410849307,03:34.7
384PI804XS1YO0P8ITRF1PBYC5U0SU,California,female,-1.644447662,0.46326104,democrat,yes,buddhist,asian,0.410849307,47:09.3
386PBUZZXFXIMTV4KS4K78CZKOTLJI,Georgia,female,-0.053970486,1.033064228,independent,yes,protestant,african american,0.410849307,15:29.4
386PBUZZXFXIMTV4KS4K78CZLKHJLX,Illinois,female,0.741268102,-1.246148522,independent,no,nothing,caucasian,-0.615563148,49:20.9
388U7OUMF71MNLPV34RABF62S32R0Q,Washington,male,1.53650669,-1.81595171,independent,yes,agnostic,caucasian,-0.615563148,55:49.5
388U7OUMF71MNLPV34RABF62SBZ0RC,Georgia,female,1.53650669,-0.106542147,republican,yes,protestant,caucasian,1.437261761,30:12.8
38BQUHLA9W0GTM4M0HX4FH8AIQDOMV,California,female,-0.053970486,0.46326104,democrat,yes,roman catholic,asian,-0.615563148,08:26.2
38F5OAUN5NCNG2BCSY0PCQEJB367HT,California,female,-1.644447662,-0.106542147,democrat,yes,nothing,latino/hispanic,-0.615563148,49:42.5
38F5OAUN5NCNG2BCSY0PCQEJB5J7HA,Illinois,male,-1.644447662,-1.81595171,independent,no,athiest,caucasian,-1.641975603,23:57.5
38JBBYETQOAED52R0ZUCOBXWTU2E4X,Minnesota,male,0.741268102,-0.106542147,republican,yes,protestant,caucasian,0.410849307,13:41.9
38JBBYETQOAED52R0ZUCOBXWUQP4E3,North Carolina,female,-0.849209074,-1.246148522,independent,yes,nothing,african american,-1.641975603,35:49.9
38SKSKU7R1XMRIBY2AJKV7XZ794IL3,New York,male,-0.849209074,-1.246148522,democrat,yes,athiest,caucasian,-0.615563148,19:10.2
38SKSKU7R1XMRIBY2AJKV7XZ7VMLIW,Pennsylvania,female,-0.849209074,-1.81595171,independent,yes,athiest,caucasian,-0.615563148,06:36.5
38YMOXR4MUZM9SSW4NHX7FOAXLZW6V,Washington,female,-0.849209074,-1.246148522,democrat,yes,roman catholic,african american,-0.615563148,43:16.1
3907X2AHF0587ICU5ZRZP8Z2NN82PA,California,female,-0.849209074,0.46326104,democrat,yes,roman catholic,caucasian,0.410849307,28:20.3
392CY0QWG1RQTA4DWIK39QVOMP4I4A,Ohio,male,2.331745278,-1.246148522,democrat,yes,roman catholic,caucasian,-0.615563148,37:12.2
39ASUFLU6X75B7Q1KAWHLMUUMP7EXC,Ohio,female,-0.849209074,-0.676345335,independent,no,nothing,caucasian,-0.615563148,14:05.5
39ASUFLU6X75B7Q1KAWHLMUUNLWXED,South Dakota,female,2.331745278,0.46326104,republican,yes,protestant,caucasian,0.410849307,54:41.0
39GAF6DQWR0ENHRU870KQHEFH5W1VE,Nevada,male,-0.849209074,-1.246148522,republican,no,protestant,latino/hispanic,-1.641975603,15:01.3
39GAF6DQWR0ENHRU870KQHEFI1J1VU,Florida,male,-0.053970486,1.033064228,democrat,yes,hindu,asian,1.437261761,41:53.0
39GAF6DQWR0ENHRU870KQHEFIQL1VA,Nevada,female,2.331745278,0.46326104,republican,yes,protestant,caucasian,1.437261761,40:54.7
39GAF6DQWR0ENHRU870KQHEFITOV1D,North Carolina,male,-0.053970486,1.033064228,republican,yes,roman catholic,native american,-1.641975603,01:52.4
39GXDJN2OTEWYHBF7S9Z5R1NVB18V4,Texas,female,-0.849209074,-2.385754897,independent,no,protestant,two or more,-0.615563148,15:46.5
39GXDJN2OTEWYHBF7S9Z5R1NW3IV8T,Minnesota,female,-0.053970486,-0.106542147,republican,yes,nothing,caucasian,-0.615563148,16:58.8
39GXDJN2OTEWYHBF7S9Z5R1NWCSV8L,California,female,-0.849209074,1.033064228,democrat,yes,roman catholic,caucasian,2.463674216,12:43.5
39JEC7537U1YAK1SO4P47DX6MP4CV7,Nebraska,female,-0.849209074,-0.106542147,republican,yes,protestant,caucasian,-0.615563148,19:00.3
39JEC7537U1YAK1SO4P47DX6MPUVCG,South Carolina,female,-0.849209074,0.46326104,independent,yes,protestant,caucasian,-0.615563148,58:58.3
39K0FND3AHFRRIALQYSMEMO5V3KAMJ,North Carolina,female,1.53650669,-0.106542147,republican,yes,protestant,caucasian,-1.641975603,20:57.6
39KFRKBFINVGN3T0JKLF9CVHTLAOYC,Michigan,male,-0.849209074,0.46326104,democrat,yes,agnostic,african american,-0.615563148,54:24.8
39KFRKBFINVGN3T0JKLF9CVHTU4OYO,Pennsylvania,female,-1.644447662,0.46326104,democrat,yes,roman catholic,caucasian,0.410849307,27:55.5
39KFRKBFINVGN3T0JKLF9CVHTU5OYP,Connecticut,male,0.741268102,0.46326104,republican,yes,roman catholic,caucasian,2.463674216,27:27.0
39KFRKBFINVGN3T0JKLF9CVHTUFOYZ,Illinois,male,1.53650669,1.033064228,democrat,yes,athiest,caucasian,0.410849307,21:13.3
39L1G8WVWQRUB8PBOXUE7MMWQ0F13N,California,female,-0.053970486,-0.676345335,democrat,yes,athiest,caucasian,-0.615563148,41:28.2
39L1G8WVWQRUB8PBOXUE7MMWRXU13X,New York,male,-0.849209074,0.46326104,democrat,yes,protestant,african american,0.410849307,19:19.7
39LNWE0K4UWPA8YSBOBLMUTIJW2UI5,Minnesota,male,0.741268102,0.46326104,independent,yes,roman catholic,caucasian,-0.615563148,24:53.3
39LNWE0K4UWPA8YSBOBLMUTIK0XIUX,Missouri,female,-0.849209074,-1.246148522,independent,yes,orthodox,caucasian,-1.641975603,16:00.6
39LOEL67OS5CM89WNI3TMW943N038L,"Washington, D.C.",male,-0.053970486,1.033064228,democrat,yes,athiest,caucasian,1.437261761,08:14.9
39LOEL67OS5CM89WNI3TMW9452938Q,Pennsylvania,female,-0.053970486,0.46326104,republican,yes,athiest,caucasian,-0.615563148,40:24.6
39LOEL67OS5CM89WNI3TMW945J683Q,Oregon,female,-0.849209074,0.46326104,democrat,yes,roman catholic,caucasian,0.410849307,35:17.0
39LOEL67OS5CM89WNI3TMW945NU38H,New Jersey,male,-0.849209074,0.46326104,democrat,yes,agnostic,caucasian,0.410849307,26:10.5
39OWYR0EPKRMHQG7KH2PMIM30WGFY1,California,male,-0.849209074,0.46326104,independent,yes,protestant,caucasian,-0.615563148,14:57.3
39PAAFCODM0FW133AQKUWNXA8F5TVE,Massachusetts,male,1.53650669,2.172670603,democrat,yes,roman catholic,caucasian,0.410849307,15:02.7
39PAAFCODM0FW133AQKUWNXA9OQTVI,Illinois,female,0.741268102,0.46326104,republican,yes,protestant,caucasian,-0.615563148,46:09.4
39PAAFCODM0FW133AQKUWNXAASMTVN,New York,male,-0.053970486,1.033064228,independent,yes,roman catholic,caucasian,0.410849307,47:23.2
39RP059MEHTWASFDWCSI9X8BCU0BMR,New Jersey,female,2.331745278,-0.106542147,independent,yes,protestant,caucasian,-0.615563148,07:04.3
39RP059MEHTWASFDWCSI9X8BDPSMBL,California,female,0.741268102,0.46326104,republican,yes,roman catholic,caucasian,0.410849307,05:58.3
39U1BHVTDLRVKS1KQGEODS5RJ143TX,Ohio,female,-0.053970486,1.033064228,republican,yes,agnostic,caucasian,1.437261761,33:23.0
3A0EX8ZRN8OW494RFFGT3SVIMDXBYJ,Alabama,male,0.741268102,1.033064228,republican,yes,protestant,caucasian,2.463674216,23:27.6
3A1COHJ8NJVRGGGV23SVQQAEOSC8HT,Illinois,male,1.53650669,0.46326104,democrat,yes,athiest,caucasian,0.410849307,32:43.9
3A1PQ49WVHH95GWA3IJGBGN68Q21H4,Utah,female,-0.053970486,0.46326104,republican,yes,mormon,caucasian,0.410849307,14:56.7
3A4TN5196KITSJ68JF80SC6XDNEHCW,Florida,female,-0.053970486,-1.81595171,republican,yes,athiest,caucasian,-0.615563148,39:01.1
3A4TN5196KITSJ68JF80SC6XEJXCH3,Rhode Island,female,-0.053970486,-1.81595171,democrat,yes,roman catholic,caucasian,0.410849307,37:31.8
3A7Y0R2P2OODMNCTYB78I27MQOSXJM,Pennsylvania,male,-1.644447662,0.46326104,independent,yes,protestant,african american,0.410849307,35:15.6
3A7Y0R2P2OODMNCTYB78I27MRV1XJA,Indiana,female,-0.053970486,1.602867415,democrat,yes,agnostic,caucasian,0.410849307,13:26.9
3A9AA95ATWM06FVHNITXNF2E7X35PI,Tennessee,male,-0.849209074,-0.676345335,independent,yes,protestant,caucasian,-1.641975603,39:50.0
3AAJC4I4FGS2RIC8ZTVTFNNX00CZJX,New Jersey,female,1.53650669,-1.81595171,republican,yes,roman catholic,latino/hispanic,-1.641975603,43:51.2
3AAJC4I4FGS2RIC8ZTVTFNNX09LJZ8,Texas,female,-0.053970486,-1.246148522,republican,yes,protestant,caucasian,0.410849307,35:59.9
3AMW0RGHOD24W41NRIPJHW20YI0NPN,Georgia,female,-0.053970486,0.46326104,independent,yes,athiest,caucasian,0.410849307,17:22.1
3AMYWKA6YBME4JJUD1QNQLBOTD5O63,Arkansas,female,1.53650669,-0.676345335,independent,yes,protestant,two or more,-1.641975603,43:58.1
3AMYWKA6YBME4JJUD1QNQLBOU1NO6Y,Virginia,female,-0.849209074,-0.106542147,independent,yes,agnostic,caucasian,1.437261761,17:54.9
3AMYWKA6YBME4JJUD1QNQLBOUY9O6E,Oklahoma,male,-0.849209074,0.46326104,democrat,no,agnostic,caucasian,-1.641975603,20:42.1
3AQF3RZ558IKY661EY7X3R2A2Q0F6N,Virginia,female,-0.053970486,-1.246148522,democrat,yes,nothing,two or more,-0.615563148,10:16.5
3ATPCQ38J8ARLZZZ91GX8HBC3ANYAF,Colorado,female,-0.849209074,1.602867415,independent,yes,protestant,two or more,1.437261761,04:13.5
3ATPCQ38J8ARLZZZ91GX8HBC437YAM,North Carolina,female,-0.053970486,1.033064228,democrat,yes,protestant,caucasian,0.410849307,14:53.6
3ATTHHXXWAOHRCSNGTM861SMFF9IXF,Florida,male,0.741268102,0.46326104,republican,yes,roman catholic,caucasian,1.437261761,23:12.4
3AUQQEL7U5TEGS6CCOWKCCV5DS6V0G,Pennsylvania,male,-0.849209074,-1.246148522,something else,yes,nothing,caucasian,0.410849307,40:54.5
3B837J3LDOWMOU97C6AULLCLNA5RSR,Texas,female,-0.849209074,0.46326104,independent,yes,roman catholic,asian,-0.615563148,31:19.8
3B837J3LDOWMOU97C6AULLCLNFRSRO,New Jersey,male,-0.849209074,1.033064228,independent,yes,athiest,caucasian,0.410849307,50:56.6
3BC8WZX3V3WANF9UXHAPVB7P1S7RRS,Tennessee,female,2.331745278,0.46326104,independent,yes,protestant,caucasian,-0.615563148,14:04.9
3BC8WZX3V3WANF9UXHAPVB7P1TERR1,Georgia,male,0.741268102,1.033064228,independent,yes,athiest,caucasian,-0.615563148,07:40.2
3BDCF01OGXU8HIQ36S5NHVRNWKWLYP,Kansas,female,-0.849209074,0.46326104,democrat,yes,roman catholic,caucasian,-0.615563148,02:20.2
3BEFOD78W6TCPTU4HXIV1J252WTM4U,Pennsylvania,female,-0.849209074,-1.81595171,democrat,yes,athiest,caucasian,-0.615563148,15:22.6
3BF51CHDTVA9YRBS7ZFGXB4W5CY0HW,California,male,-0.849209074,-1.81595171,independent,yes,agnostic,asian,-0.615563148,14:13.7
3BV8HQ2ZZW1P2FPT3IL5PQRJ5HKA6G,New Jersey,male,-0.849209074,-1.81595171,democrat,yes,athiest,caucasian,1.437261761,28:47.9
3BWI6RSP7G9BWSKA2XSJRNH6L9NE73,Georgia,male,1.53650669,2.172670603,democrat,yes,protestant,asian,0.410849307,34:27.5
3BXQMRHWKZYB6ROJW39DEN0Z2W4MUF,North Carolina,female,-0.053970486,-0.106542147,independent,yes,orthodox,caucasian,0.410849307,55:48.0
3C44YUNSI1PVASAA2OBGLRQ6LAUPDW,New Jersey,female,-0.053970486,-1.246148522,independent,yes,roman catholic,caucasian,0.410849307,37:36.9
3C5W7UE9CFQ3NVIE18K0YUZ3W23MX1,Oklahoma,male,1.53650669,0.46326104,republican,yes,protestant,caucasian,0.410849307,42:25.1
3C5W7UE9CFQ3NVIE18K0YUZ3W9YMXA,Illinois,female,-0.849209074,-0.676345335,independent,yes,nothing,caucasian,-1.641975603,53:26.6
3C5W7UE9CFQ3NVIE18K0YUZ3WNMMXQ,Texas,female,0.741268102,-0.676345335,democrat,yes,nothing,african american,-1.641975603,48:38.2
3C5W7UE9CFQ3NVIE18K0YUZ3WO6XMN,Arizona,male,-0.849209074,0.46326104,independent,yes,nothing,caucasian,0.410849307,26:42.6
3C6FJU71TQTB08DXF6XO8IN6AJVYUJ,Florida,female,-1.644447662,-0.106542147,democrat,yes,roman catholic,caucasian,0.410849307,23:29.3
3C6FJU71TQTB08DXF6XO8IN6BMBYU6,Illinois,male,-0.849209074,0.46326104,democrat,yes,roman catholic,caucasian,0.410849307,07:49.4
3C8HJ7UOP7USSQIT2Q8LVFFE2LDMZA,California,male,-0.849209074,0.46326104,independent,no,roman catholic,asian,1.437261761,10:31.9
3C8HJ7UOP7USSQIT2Q8LVFFE4OBMZG,California,female,2.331745278,1.033064228,democrat,yes,nothing,asian,1.437261761,16:17.5
3CFVK00FWLL6YYGX09AVY47UYI9L6C,California,female,-0.849209074,-0.676345335,independent,yes,agnostic,two or more,-0.615563148,20:44.8
3CFVK00FWLL6YYGX09AVY47UZDH6LW,Florida,female,-0.053970486,1.033064228,republican,yes,agnostic,caucasian,1.437261761,14:53.1
3CN4LGXD5XOCJAJI0066VEPCC2BY4T,Minnesota,female,-0.849209074,0.46326104,republican,yes,athiest,caucasian,-0.615563148,21:32.6
3COPXFW7XBC3OYGKU5X3P4LW5JMPK4,California,female,-0.849209074,-0.106542147,independent,yes,athiest,caucasian,-0.615563148,12:38.9
3CP1TO84PT14E8UBLKILR2ULXJN520,Texas,female,-1.644447662,0.46326104,democrat,yes,protestant,other/unknown,1.437261761,02:54.7
3CP1TO84PT14E8UBLKILR2ULXJT526,Colorado,male,-0.849209074,0.46326104,democrat,yes,roman catholic,african american,0.410849307,32:32.0
3CP1TO84PT14E8UBLKILR2ULXJY258,South Carolina,male,-0.849209074,-0.106542147,independent,no,protestant,african american,0.410849307,56:30.1
3CPLWGV3MOZJ4HLGATTMV62LS60N9T,Indiana,male,-0.849209074,0.46326104,independent,no,protestant,african american,0.410849307,59:51.2
3CPLWGV3MOZJ4HLGATTMV62LTEI9NE,Maryland,female,-0.849209074,0.46326104,independent,no,nothing,african american,0.410849307,12:31.4
3CTOC39K37QJ7862GY3AO3UYOW7J79,Pennsylvania,female,-0.053970486,0.46326104,independent,yes,roman catholic,caucasian,1.437261761,54:36.0
3CTOC39K37QJ7862GY3AO3UYQ0A7JA,Ohio,female,-0.849209074,-1.246148522,democrat,no,nothing,two or more,-0.615563148,30:37.1
3D3VGR7TA0FI4DOSMR9TDD49VG9R3A,West Virginia,male,-0.053970486,-2.385754897,democrat,yes,protestant,caucasian,-1.641975603,53:33.3
3D3VGR7TA0FI4DOSMR9TDD49VY5R36,Massachusetts,female,-0.053970486,-0.106542147,republican,yes,nothing,caucasian,-1.641975603,22:26.7
3D4CH1LGEATDUP4UNPGR5MTOTQZ9GM,California,male,0.741268102,-0.106542147,republican,yes,roman catholic,caucasian,-1.641975603,01:43.4
3D8YOU6S9EK9HO3R9N2WPR3DC5UU60,North Carolina,male,-0.849209074,-1.81595171,independent,yes,protestant,caucasian,-1.641975603,14:14.9
3DEL4X4EL6L3HC7SKB8BSPMA5CVYXH,Colorado,female,1.53650669,0.46326104,independent,no,athiest,caucasian,0.410849307,54:56.8
3DHE4R9OCWB2U5JV2G1CVZLALNA2GC,North Carolina,male,1.53650669,0.46326104,something else,yes,nothing,caucasian,-0.615563148,16:23.9
3DHE4R9OCWB2U5JV2G1CVZLALO5G2N,New Jersey,female,1.53650669,0.46326104,democrat,yes,jewish,caucasian,1.437261761,13:46.0
3DHE4R9OCWB2U5JV2G1CVZLAN7T2G1,New York,female,-0.053970486,0.46326104,democrat,yes,roman catholic,african american,0.410849307,09:32.7
3DI28L7YXAEXL658DHBAQDQTIDE1E0,Ohio,male,0.741268102,-1.246148522,independent,yes,agnostic,african american,0.410849307,39:44.8
3DIP6YHAPCSFW6PTC2KP5ND1WKT8E2,Hawaii,male,-0.053970486,-1.81595171,democrat,yes,athiest,caucasian,-1.641975603,21:35.8
3DPNQGW4LLFA0Q9CUHBECN5JE18468,Arkansas,male,-0.849209074,1.033064228,democrat,yes,nothing,african american,0.410849307,26:50.9
3DQQ64TANGLUJYA1JJG6DFFRSRXWPB,Massachusetts,male,-0.849209074,0.46326104,democrat,yes,athiest,asian,-0.615563148,17:50.1
3DY46V3X3PIWD5DY33KJP9XXHAF550,Idaho,male,-0.053970486,-1.81595171,something else,yes,mormon,caucasian,-1.641975603,26:10.1
3DY4FPOOA1O2GMQB61FZW8WSMN6VRP,New York,female,0.741268102,-1.81595171,republican,yes,roman catholic,caucasian,0.410849307,19:20.2
3E1QT0TDFP9RCBRF8LAGQ2BTPE28IG,New Jersey,female,2.331745278,-1.246148522,democrat,yes,roman catholic,caucasian,0.410849307,57:52.2
3E337GFOL98YJR8OOZZWNNO8XGSGN5,Maryland,male,2.331745278,0.46326104,democrat,yes,buddhist,caucasian,-0.615563148,41:19.7
3E47SOBEYQWTOEHSPXQLSO7CCRBCIJ,California,male,-0.849209074,-0.676345335,independent,yes,buddhist,asian,-0.615563148,44:43.3
3E47SOBEYQWTOEHSPXQLSO7CF6KCIP,Virginia,male,-0.849209074,0.46326104,democrat,yes,roman catholic,caucasian,-0.615563148,59:06.2
3E4GGUZ1T8R7WRFES7MRTRD3UAF2KH,Louisiana,male,1.53650669,0.46326104,democrat,yes,agnostic,caucasian,-0.615563148,01:28.1
3E4GGUZ1T8R7WRFES7MRTRD3UHZ2KF,Connecticut,male,0.741268102,-0.106542147,republican,yes,nothing,caucasian,-1.641975603,29:44.2
3E7TUJ2EGCMAI5U3LZFJZ1QRFAF9DV,California,female,1.53650669,-0.676345335,republican,yes,nothing,caucasian,-0.615563148,18:13.6
3E7TUJ2EGCMAI5U3LZFJZ1QRFAFD9Z,Florida,female,-0.053970486,-1.81595171,republican,yes,protestant,caucasian,0.410849307,17:35.0
3E7TUJ2EGCMAI5U3LZFJZ1QRGPR9D2,California,female,-0.053970486,1.033064228,democrat,yes,muslim,african american,-1.641975603,46:42.1
3EF8EXOTT1V5WMR0RIM1NT3LMBRJ1Z,New Jersey,female,1.53650669,0.46326104,republican,yes,protestant,asian,1.437261761,16:14.6
3EF8EXOTT1V5WMR0RIM1NT3LN3MJ1F,Alabama,female,-0.053970486,0.46326104,republican,yes,protestant,caucasian,-0.615563148,54:56.3
3EFVCAY5L39N7MBLQ3VG23QT0OUJ8U,Missouri,male,-0.849209074,-0.106542147,independent,yes,athiest,caucasian,-0.615563148,16:32.2
3EFVCAY5L39N7MBLQ3VG23QT1KG8JY,Wisconsin,male,-0.849209074,0.46326104,republican,yes,roman catholic,african american,0.410849307,34:37.3
3EFVCAY5L39N7MBLQ3VG23QT1QQJ8V,California,female,-0.849209074,0.46326104,republican,yes,roman catholic,asian,0.410849307,46:10.7
3EFVCAY5L39N7MBLQ3VG23QTZFI8JO,Ohio,female,-0.849209074,0.46326104,democrat,yes,athiest,two or more,0.410849307,14:29.5
3EG49X351UC1YSXMESDJ9Y2H4MZ6XO,Texas,female,1.53650669,0.46326104,democrat,yes,roman catholic,asian,-0.615563148,52:08.1
3EG49X351UC1YSXMESDJ9Y2H6I8X6I,North Carolina,female,-0.849209074,0.46326104,independent,yes,protestant,caucasian,0.410849307,39:06.6
3EICBYG644WPJP1Y7FBL4PMCPACJCM,Missouri,female,-1.644447662,0.46326104,democrat,yes,nothing,asian,0.410849307,04:17.5
3EICBYG644WPJP1Y7FBL4PMCQFFJC0,Nevada,male,-0.053970486,0.46326104,republican,yes,roman catholic,caucasian,0.410849307,17:32.3
3EICBYG644WPJP1Y7FBL4PMCR38CJZ,California,female,-0.849209074,0.46326104,democrat,yes,protestant,caucasian,2.463674216,49:48.4
3EICBYG644WPJP1Y7FBL4PMCRZ3CJM,Missouri,female,-0.849209074,0.46326104,independent,yes,agnostic,caucasian,-0.615563148,00:53.0
3EJJQNKU9R5XYLVR1CYVH75JCJ9RHT,North Carolina,male,-0.849209074,1.033064228,independent,yes,roman catholic,caucasian,-1.641975603,00:32.5
3EJJQNKU9R5XYLVR1CYVH75JEF9HRD,North Carolina,female,-0.849209074,1.033064228,democrat,yes,nothing,caucasian,-0.615563148,17:16.2
3EKVH9QMEY4ZIL940Q04PEID87V2DR,Texas,male,0.741268102,-1.246148522,independent,no,nothing,latino/hispanic,-0.615563148,50:20.0
3EKVH9QMEY4ZIL940Q04PEID9462DX,North Carolina,male,-0.053970486,-1.246148522,democrat,yes,agnostic,caucasian,-1.641975603,15:05.5
3EO896NRAWV65639T16BTZMGFI2TJF,Ohio,female,-0.849209074,0.46326104,independent,yes,athiest,caucasian,0.410849307,07:21.0
3EQHHY4HQSSUT22IKZ3AT6OM72ZG51,Pennsylvania,female,-0.053970486,0.46326104,republican,yes,protestant,caucasian,0.410849307,33:21.7
3EQHHY4HQSSUT22IKZ3AT6OM7K45GV,Florida,female,0.741268102,0.46326104,democrat,yes,roman catholic,latino/hispanic,-0.615563148,45:01.4
3ERMJ6L4DYS98GCNJVG24VMFTQT7MT,Pennsylvania,male,1.53650669,0.46326104,democrat,yes,roman catholic,caucasian,1.437261761,58:10.6
3F0BG9B9MPN92X112Y4DYQ9M206Y79,Texas,female,1.53650669,-0.676345335,independent,yes,protestant,african american,0.410849307,53:33.4
3F0BG9B9MPN92X112Y4DYQ9M3CMY7E,Illinois,male,0.741268102,1.602867415,republican,yes,roman catholic,caucasian,2.463674216,47:32.4
3F0BG9B9MPN92X112Y4DYQ9M3LX7YG,New Hampshire,female,0.741268102,0.46326104,democrat,yes,mormon,caucasian,0.410849307,47:26.2
3F6HPJW4JD0YRR9VHL5UH27YFD4W2D,Georgia,male,-0.849209074,0.46326104,independent,yes,roman catholic,caucasian,0.410849307,49:32.9
3F6HPJW4JD0YRR9VHL5UH27YG54W2Y,Illinois,female,3.126983865,-1.246148522,republican,yes,protestant,caucasian,-0.615563148,04:24.7
3F6HPJW4JD0YRR9VHL5UH27YHGYW2F,Pennsylvania,male,0.741268102,0.46326104,republican,yes,protestant,caucasian,-1.641975603,38:26.9
3FDJT1UU748ZVOY1AQOPRYGFCFC5KF,California,female,1.53650669,0.46326104,democrat,no,hindu,asian,-1.641975603,53:31.8
3FDJT1UU748ZVOY1AQOPRYGFCFZK5H,Pennsylvania,female,0.741268102,1.033064228,republican,yes,protestant,caucasian,0.410849307,44:16.3
3FDJT1UU748ZVOY1AQOPRYGFE0KK5A,California,female,1.53650669,1.033064228,independent,no,protestant,asian,0.410849307,32:42.1
3FDJT1UU748ZVOY1AQOPRYGFE325KJ,Florida,female,-0.849209074,-0.676345335,democrat,yes,protestant,african american,-0.615563148,35:44.2
3FE7TXL1LINT7UD95C6OPDPCT0CQ26,New York,male,2.331745278,1.033064228,independent,yes,agnostic,caucasian,-0.615563148,37:40.5
3FFJ6VRIL1O9UMMCDHX1XN5B5O50IF,Washington,male,-0.053970486,-1.246148522,independent,yes,orthodox,caucasian,0.410849307,17:23.2
3FIUS151DV2S9ZR21VM1X3FBXG8GGO,Colorado,male,-0.849209074,0.46326104,republican,yes,protestant,caucasian,1.437261761,07:00.7
3FIUS151DV2S9ZR21VM1X3FBXSQGGU,Missouri,female,-1.644447662,-1.246148522,something else,yes,nothing,caucasian,-0.615563148,50:53.5
3FK0YFF9PZGU9T7SFLK9X5LV692VVW,Ohio,male,-0.849209074,0.46326104,independent,yes,roman catholic,caucasian,0.410849307,12:21.5
3FPRZHYEPY7AXK59VBE3EATCG183VV,Missouri,female,-0.053970486,-0.106542147,republican,yes,protestant,caucasian,0.410849307,06:53.1
3FPRZHYEPY7AXK59VBE3EATCGCQ3VZ,Nevada,female,0.741268102,0.46326104,democrat,yes,nothing,latino/hispanic,0.410849307,00:14.7
3FTOP5WARFO5PX6IVZI19OKBGIL0JA,Virginia,male,-0.849209074,0.46326104,republican,yes,roman catholic,caucasian,-0.615563148,20:01.4
3FTOP5WARFO5PX6IVZI19OKBI7UJ0I,Arizona,male,-0.053970486,-0.106542147,democrat,yes,buddhist,asian,0.410849307,03:18.1
3FTYUGLFSULRHISRI922NLLPS9ED5F,Michigan,female,0.741268102,-1.246148522,democrat,yes,roman catholic,caucasian,0.410849307,08:12.7
3FUI0JHJPXYQLB3QB18XVF1TP1233P,Ohio,male,-0.053970486,0.46326104,democrat,yes,agnostic,caucasian,1.437261761,37:08.7
3G2UL9A02DE7JDRVWF9LFZPT4BU675,Arizona,male,-0.053970486,0.46326104,independent,no,nothing,caucasian,-1.641975603,22:36.0
3G2UL9A02DE7JDRVWF9LFZPT4UQ673,California,male,0.741268102,1.033064228,republican,yes,athiest,asian,1.437261761,40:38.6
3G5F9DBFOPXPRSC8AW35I4UMZ5GHV4,Montana,female,-0.053970486,0.46326104,independent,yes,agnostic,caucasian,0.410849307,45:39.9
3GA6AFUKOOO5FJAPQMXZZ92366FH33,Georgia,female,-1.644447662,-1.246148522,democrat,yes,nothing,caucasian,0.410849307,15:51.8
3GA6AFUKOOO5FJAPQMXZZ9238LMH36,Kansas,male,1.53650669,1.033064228,independent,no,roman catholic,caucasian,1.437261761,42:58.7
3GD6L00D3SXVXUXLUFZT3LV2P6O1MO,New Jersey,male,1.53650669,0.46326104,independent,yes,buddhist,asian,0.410849307,20:16.7
3GFK2QRXX9HQQOSIZ47SF9AA0U25W9,Ohio,female,-0.053970486,-1.81595171,democrat,yes,nothing,caucasian,-0.615563148,28:40.1
3GFK2QRXX9HQQOSIZ47SF9AAZM3W5K,Michigan,male,1.53650669,0.46326104,independent,yes,protestant,caucasian,1.437261761,58:39.0
3GGAI1SQEVYFKX7JACODKHETV51MCR,Illinois,female,-0.053970486,0.46326104,democrat,yes,protestant,caucasian,0.410849307,03:10.2
3GGAI1SQEVYFKX7JACODKHETVWTCMR,Connecticut,female,-0.053970486,0.46326104,independent,yes,roman catholic,caucasian,0.410849307,34:54.1
3GLB5JMZFXVPXFHBZ5LTRICEK63DGM,North Carolina,male,-0.053970486,0.46326104,democrat,yes,athiest,caucasian,1.437261761,44:42.1
3GLB5JMZFXVPXFHBZ5LTRICEKJWDG5,Georgia,female,-0.053970486,0.46326104,republican,yes,roman catholic,caucasian,0.410849307,28:27.1
3GNA64GUZE4L6RWWNV8MNKSODAW5QF,Georgia,female,2.331745278,0.46326104,democrat,yes,protestant,caucasian,0.410849307,50:31.6
3GU1KF0O4I12VVCQOSKAQ126HZLPBB,Wisconsin,male,-0.053970486,-1.246148522,democrat,no,athiest,caucasian,-1.641975603,33:18.8
3GU1KF0O4I12VVCQOSKAQ126IW1BP8,Illinois,female,-0.849209074,1.033064228,democrat,yes,roman catholic,caucasian,1.437261761,58:38.5
3H8DHMCCW9BUZ1DUPW68PA47Q4RDKT,Maryland,male,-0.849209074,-1.81595171,independent,no,nothing,african american,-0.615563148,14:20.6
3H8DHMCCW9BUZ1DUPW68PA47RHIDKB,Minnesota,female,1.53650669,-0.106542147,independent,yes,protestant,caucasian,-1.641975603,36:55.4
3HL8HNGX4517GP8ZC5A9N1TCQEMF9K,Pennsylvania,female,0.741268102,-1.246148522,democrat,yes,roman catholic,caucasian,0.410849307,36:03.8
3HMIGG0U4L6D2B6KC3WJCQ5HE428Y1,Maryland,female,0.741268102,0.46326104,democrat,yes,protestant,caucasian,0.410849307,08:06.2
3HMVI3QICJSVRBMZDIN4XGI9ZM31YS,Utah,male,-1.644447662,-0.106542147,democrat,yes,athiest,caucasian,-1.641975603,50:08.4
3HPZF4IVNMTFEEWXTFCOEC103JPYCA,Minnesota,male,1.53650669,-1.246148522,independent,yes,protestant,caucasian,0.410849307,30:43.7
3HPZF4IVNMTFEEWXTFCOEC103PNCYY,Illinois,male,-0.849209074,0.46326104,republican,no,protestant,caucasian,2.463674216,24:18.6
3HPZF4IVNMTFEEWXTFCOEC104G1YCH,Georgia,female,-0.053970486,1.033064228,don't know,no,hindu,asian,1.437261761,05:07.7
3HRMW88U16QVQ5C3YWVTPGCSLKHM0I,Minnesota,female,0.741268102,-0.106542147,democrat,yes,athiest,latino/hispanic,0.410849307,44:32.3
3HRMW88U16QVQ5C3YWVTPGCSM780MY,Michigan,female,1.53650669,1.033064228,independent,yes,protestant,caucasian,1.437261761,21:35.1
3HRMW88U16QVQ5C3YWVTPGCSMY1M0V,Kansas,male,-1.644447662,-1.246148522,democrat,yes,athiest,caucasian,-0.615563148,33:55.0
3HSYG7LRBJY2D7J4HDSVTNZX951KK9,Virginia,female,-0.849209074,0.46326104,republican,yes,nothing,caucasian,0.410849307,26:36.2
3HSYG7LRBJY2D7J4HDSVTNZXBASKKC,Michigan,male,-0.053970486,0.46326104,democrat,yes,protestant,caucasian,-0.615563148,53:07.0
3HUTX6F6VUNQMI0TQZEK08UCFNOO23,Virginia,male,-0.849209074,1.602867415,democrat,yes,jewish,native american,-1.641975603,02:00.3
3HVVDCPGTESW0VY8F17E3M14SMLYTO,Maine,female,0.741268102,0.46326104,democrat,yes,agnostic,caucasian,1.437261761,03:39.4
3HWRJOOET52XFQ42Q0QUMED27A5SEI,New York,male,1.53650669,0.46326104,independent,no,protestant,caucasian,-0.615563148,24:34.8
3HWRJOOET52XFQ42Q0QUMED286WESO,Florida,female,-0.849209074,1.033064228,democrat,yes,nothing,caucasian,0.410849307,58:44.3
3HWRJOOET52XFQ42Q0QUMED28LBSEB,Maine,female,-0.849209074,-1.81595171,democrat,yes,agnostic,caucasian,-0.615563148,53:53.1
3I33IC7ZWF21KE6SGG92ZDA7PEBA2W,New York,male,0.741268102,0.46326104,independent,no,athiest,other/unknown,1.437261761,01:13.5
3I3WADAZ9Q4ILFJG8IGIYFXOYKB5OQ,Michigan,female,-0.849209074,-0.106542147,republican,yes,agnostic,caucasian,0.410849307,52:59.7
3I7DHKZYGN0OF26N9FXSBLOA6NY5FQ,Virginia,male,-0.849209074,0.46326104,democrat,yes,roman catholic,caucasian,0.410849307,44:30.2
3IAEQB9FMEKLU17BEAPBDLY2E7MDW4,Arkansas,female,-0.053970486,-0.106542147,democrat,yes,protestant,caucasian,-0.615563148,32:18.7
3IAS3U3I0FG63OBKMU9YUOUD76BB2R,New Jersey,female,-0.849209074,0.46326104,independent,yes,protestant,caucasian,0.410849307,18:19.8
3IHR8NYAM71IAWRH9DANINW08SXP45,Minnesota,male,-0.053970486,0.46326104,democrat,yes,protestant,asian,0.410849307,59:42.2
3IJXV6UZ1XJXUG6B7UGGHJ6YD1TIRT,Maryland,male,-0.849209074,-1.246148522,democrat,yes,agnostic,caucasian,-0.615563148,24:43.8
3IO1LGZLK9XBJRWE6K1RTZLOEIP68Q,Ohio,male,-0.053970486,0.46326104,democrat,yes,agnostic,caucasian,-0.615563148,44:16.0
3IO1LGZLK9XBJRWE6K1RTZLOF3G68O,Michigan,female,-0.053970486,-0.106542147,democrat,yes,protestant,caucasian,-0.615563148,15:09.5
3IO1LGZLK9XBJRWE6K1RTZLOFE068U,Florida,female,0.741268102,0.46326104,republican,no,protestant,caucasian,0.410849307,56:20.8
3IOEN3P9S7JT8RCT7ZSCEPYG0C516N,Kentucky,male,-0.053970486,-1.246148522,republican,yes,protestant,caucasian,-0.615563148,18:39.8
3ITXP059PWJ5Q6QU411LJUQUCI1JSU,New York,female,-0.053970486,0.46326104,democrat,yes,roman catholic,caucasian,-0.615563148,18:50.6
3IUZPWIU1O7T87DL6RBYHYTSXK0KWC,New Hampshire,female,-0.849209074,0.46326104,republican,yes,roman catholic,caucasian,0.410849307,36:11.5
3IUZPWIU1O7T87DL6RBYHYTSY2XKWA,Pennsylvania,male,-0.849209074,-0.106542147,democrat,yes,agnostic,african american,-0.615563148,58:06.1
3IXQG4FA2TYH38WJ73OD4B2RBHZ9B3,New York,female,0.741268102,0.46326104,democrat,yes,athiest,caucasian,-0.615563148,18:46.9
3IXQG4FA2TYH38WJ73OD4B2RCP3B9Q,North Carolina,female,1.53650669,-0.106542147,democrat,yes,protestant,caucasian,-1.641975603,25:25.4
3J2UYBXQQLCT12RBBGOC0KF6W92607,Tennessee,female,-0.849209074,-1.246148522,democrat,yes,agnostic,caucasian,-0.615563148,34:18.8
3J4Q2Z4UTY3FJABGJWVVDK51XSZQWM,New York,female,-1.644447662,-1.246148522,independent,no,roman catholic,caucasian,-0.615563148,17:56.9
3JAOYWH7VI4TGHIVYGD7IEYWOJHL9N,New York,female,-0.849209074,0.46326104,democrat,yes,protestant,african american,0.410849307,22:04.5
3JC6VJ2SABJTJBPFYZB0XKDJ72SA5D,New York,female,-0.849209074,0.46326104,democrat,no,roman catholic,native american,-1.641975603,06:50.2
3JC6VJ2SABJTJBPFYZB0XKDJ9NLA5E,Texas,female,-0.849209074,0.46326104,democrat,yes,nothing,asian,0.410849307,46:40.0
3JCG6DTRV3QAZDFU7NWPLVNF8C5QQA,Tennessee,female,1.53650669,0.46326104,democrat,yes,protestant,caucasian,-0.615563148,23:11.4
3JMSRU9HQIUD7IL6KVVZX1X97ANEVQ,Florida,female,-1.644447662,1.033064228,democrat,yes,protestant,caucasian,-1.641975603,39:38.6
3JMSRU9HQIUD7IL6KVVZX1X97APVE9,Texas,male,-0.053970486,0.46326104,democrat,yes,agnostic,caucasian,0.410849307,59:52.7
3JMSRU9HQIUD7IL6KVVZX1X97TSEVX,Louisiana,female,1.53650669,1.033064228,independent,yes,protestant,african american,-0.615563148,26:46.6
3JNQLM5FT4MIGXXWD7YS8RQIJ9T2LR,New York,male,-0.053970486,1.033064228,democrat,yes,nothing,caucasian,0.410849307,43:57.0
3JPSL1DZ5SZX90VL2Z7MR1D50AUANH,Ohio,female,-0.053970486,-1.81595171,democrat,yes,agnostic,caucasian,0.410849307,59:42.5
3JRJSWSMQHLTV9JN0LPTE65QENN3E3,California,male,-0.849209074,0.46326104,democrat,yes,athiest,caucasian,-1.641975603,19:54.2
3JRJSWSMQHLTV9JN0LPTE65QFU63E1,Indiana,male,-0.849209074,0.46326104,republican,yes,protestant,caucasian,1.437261761,13:48.9
3JRJSWSMQHLTV9JN0LPTE65QGGME31,Texas,female,-0.053970486,-1.246148522,independent,yes,protestant,caucasian,-0.615563148,50:13.2
3K4J6M3CXETRZ8EZFVUR1H48ZGZAG0,"Washington, D.C.",male,-0.849209074,1.602867415,democrat,yes,athiest,caucasian,1.437261761,27:18.9
3K5TEWLKGVBPNNNSGELQIGV1YUBVIE,Florida,male,-0.849209074,1.033064228,independent,yes,roman catholic,caucasian,0.410849307,00:16.6
3K772S5NP8B8PHQMF6EVI060X2JEHJ,Georgia,female,-0.053970486,-1.81595171,republican,yes,nothing,caucasian,-0.615563148,41:18.0
3KAKFY4PGU25BEL9W4FKZL3I6E1I3U,New Jersey,male,0.741268102,0.46326104,independent,yes,roman catholic,caucasian,0.410849307,16:25.7
3KAKFY4PGU25BEL9W4FKZL3I8KM3IE,Florida,female,1.53650669,2.172670603,democrat,yes,jewish,caucasian,1.437261761,26:18.5
3KAKFY4PGU25BEL9W4FKZL3I9SII36,Pennsylvania,male,-0.053970486,1.602867415,republican,yes,roman catholic,caucasian,1.437261761,38:08.1
3KB8R4ZV1E7WIIJRL9UNWSOEGTWBGX,Indiana,male,-0.053970486,0.46326104,democrat,yes,athiest,caucasian,-1.641975603,57:56.6
3KB8R4ZV1E7WIIJRL9UNWSOEHYKBGW,Ohio,male,-1.644447662,0.46326104,democrat,yes,roman catholic,african american,-0.615563148,34:32.4
3KGTPGBS6XLLZNKQMLQTZEM1UX2U2L,"Washington, D.C.",male,2.331745278,1.033064228,independent,yes,protestant,caucasian,0.410849307,49:41.4
3KGTPGBS6XLLZNKQMLQTZEM1VR4U2C,Florida,female,-0.849209074,0.46326104,democrat,yes,roman catholic,caucasian,0.410849307,53:16.0
3KGTPGBS6XLLZNKQMLQTZEM1W6LU2O,Utah,male,-0.053970486,-1.81595171,independent,yes,agnostic,caucasian,-0.615563148,24:57.2
3KJYX6QCM9BLIY7YYW6QUHA1CE1VJ2,North Carolina,female,0.741268102,1.602867415,democrat,yes,protestant,caucasian,-0.615563148,39:53.3
3KKG4CDWKIYXI9BASOEQWXWL3UT49F,Tennessee,male,-1.644447662,0.46326104,democrat,yes,protestant,caucasian,-0.615563148,10:00.7
3KKG4CDWKIYXI9BASOEQWXWL3UX94O,Tennessee,male,-0.849209074,0.46326104,independent,no,agnostic,caucasian,0.410849307,44:52.8
3KV0LJBBH2LJQZW2S9E89CDFV6ZMRS,North Dakota,female,-0.849209074,-1.246148522,democrat,yes,nothing,caucasian,-0.615563148,29:20.5
3KV0LJBBH2LJQZW2S9E89CDFVD6RMI,New York,female,2.331745278,-0.106542147,independent,yes,protestant,caucasian,-0.615563148,19:49.2
3KWTYT08703AFUGJVQ0Q6YTU1RDL5I,New Jersey,female,-0.849209074,0.46326104,democrat,yes,nothing,asian,0.410849307,54:40.0
3KWTYT08703AFUGJVQ0Q6YTU2NY5LG,Missouri,male,-0.053970486,1.602867415,independent,yes,protestant,caucasian,0.410849307,13:34.9
3KWTYT08703AFUGJVQ0Q6YTU3JQL5H,New York,male,-0.849209074,0.46326104,democrat,yes,roman catholic,caucasian,-0.615563148,02:14.7
3KYQYYSHYV7DPSY9NOY1WRLG90LDOE,Minnesota,male,-0.053970486,1.033064228,democrat,yes,protestant,caucasian,0.410849307,25:04.0
3KYQYYSHYV7DPSY9NOY1WRLGAPVDO3,New York,female,-0.849209074,1.033064228,independent,don't know,jewish,asian,-1.641975603,07:34.2
3L4D84MILZSG0XCET7PMFGJS4VJHJJ,Kentucky,male,-0.053970486,0.46326104,republican,yes,protestant,caucasian,-0.615563148,48:15.3
3L4PIM1GQTGJKGLGBC2J370M2BBRY9,Georgia,male,0.741268102,-1.246148522,independent,yes,athiest,caucasian,0.410849307,32:42.6
3L4PIM1GQTGJKGLGBC2J370M3K2RYJ,New Jersey,female,-0.849209074,-1.81595171,democrat,yes,nothing,caucasian,-1.641975603,32:20.8
3L4PIM1GQTGJKGLGBC2J370M3KRYRF,Indiana,female,-0.053970486,-1.246148522,democrat,yes,athiest,caucasian,-1.641975603,16:11.0
3L6L49WXW0XEHM9YPY19KHRJFSW45W,New York,male,-0.053970486,0.46326104,democrat,yes,nothing,native american,-1.641975603,05:02.5
3L6L49WXW0XEHM9YPY19KHRJFVF45L,Oregon,female,-0.053970486,0.46326104,independent,yes,agnostic,caucasian,-1.641975603,42:38.8
3L6L49WXW0XEHM9YPY19KHRJGUN45S,Kentucky,male,1.53650669,-1.246148522,republican,yes,nothing,caucasian,-0.615563148,30:27.0
3L70J4KAZGMONO48D5TJVW1BM7EDAQ,Ohio,male,0.741268102,0.46326104,democrat,yes,protestant,african american,0.410849307,31:17.1
3L70J4KAZGMONO48D5TJVW1BMFADA2,California,male,-0.053970486,-0.676345335,independent,yes,nothing,caucasian,0.410849307,56:00.9
3LEIZ60CDJZDL6ZZDH4GQT9U44XZ9H,Virginia,male,-1.644447662,-1.246148522,democrat,yes,hindu,asian,1.437261761,05:53.1
3LEP4MGT3G0T6Y90JJTFQ7LH22KDBU,Texas,female,-0.849209074,-1.81595171,democrat,yes,protestant,caucasian,-0.615563148,05:05.4
3LEP4MGT3G0T6Y90JJTFQ7LH3AJDBA,Florida,male,0.741268102,-1.81595171,democrat,yes,agnostic,caucasian,-0.615563148,17:53.0
3LEP4MGT3G0T6Y90JJTFQ7LH3AKBD9,Illinois,male,-0.053970486,1.033064228,independent,yes,roman catholic,caucasian,0.410849307,22:41.8
3LEP4MGT3G0T6Y90JJTFQ7LH4XOBDO,Utah,male,1.53650669,1.033064228,republican,yes,mormon,caucasian,1.437261761,30:21.8
3LO69W1SU3D8VR53CMJHAVKJSWCLGE,California,female,1.53650669,1.033064228,democrat,yes,jewish,caucasian,1.437261761,22:07.5
3LOTDFNYA7ZISLL75GK11L1NOGOFWT,Texas,female,0.741268102,-1.246148522,independent,yes,protestant,caucasian,0.410849307,52:34.4
3LPW2N6LKT2DYK3D44SRXLPDGB45UI,California,female,1.53650669,-0.106542147,democrat,yes,protestant,caucasian,-1.641975603,56:09.0
3LQ8PUHQFLSK5MS8BP4M3F4SQSVHIV,"Washington, D.C.",male,-0.849209074,0.46326104,democrat,yes,nothing,african american,-1.641975603,18:55.0
3LQ8PUHQFLSK5MS8BP4M3F4SRE5HIE,Florida,female,0.741268102,1.033064228,democrat,yes,roman catholic,caucasian,1.437261761,01:46.6
3LRKMWOKB5H2LME0S8P1G61GYJO2ZZ,Texas,male,0.741268102,-0.106542147,democrat,yes,athiest,caucasian,-0.615563148,25:48.3
3M0NZ3JDP1YUKJXNARRZED4SII9Z55,Florida,female,-0.053970486,-0.106542147,democrat,no,athiest,caucasian,-0.615563148,11:56.2
3M1CVSFP605ICX8DIRZ3VV8A5YQAQ3,Iowa,female,1.53650669,1.602867415,democrat,yes,roman catholic,caucasian,1.437261761,11:19.7
3M23Y66PO27T2BBNKI7WAQLPRQKS6T,South Carolina,female,-0.849209074,-0.106542147,democrat,no,nothing,caucasian,0.410849307,45:43.8
3M81GAB8A0JNV7D5O5ZZQ6SGMP8BQD,Illinois,female,0.741268102,-0.106542147,republican,yes,roman catholic,caucasian,0.410849307,19:56.4
3M81GAB8A0JNV7D5O5ZZQ6SGNLWQB9,Tennessee,female,-0.053970486,-1.81595171,republican,yes,protestant,caucasian,0.410849307,50:02.9
3MAOD8E57QA95D3ED9Z0B9O31DTXNY,California,female,-0.849209074,0.46326104,democrat,yes,agnostic,asian,-1.641975603,29:04.0
3MAOD8E57QA95D3ED9Z0B9O31SCNX1,Virginia,male,-0.849209074,0.46326104,republican,no,muslim,asian,-1.641975603,32:43.1
3MB8LZR5BFTDXD1M2D4W8NCC01YLKZ,New Jersey,female,1.53650669,1.033064228,republican,yes,protestant,caucasian,0.410849307,38:56.1
3MD9PLUKKIEYA83TERNL8U4E7B5NZT,California,female,-0.053970486,0.46326104,republican,yes,roman catholic,caucasian,1.437261761,03:28.6
3MH9DQ757WCBEHSXL0BI1IG25N5GU3,Ohio,male,-0.053970486,-0.106542147,democrat,yes,protestant,caucasian,-0.615563148,20:54.7
3MH9DQ757WCBEHSXL0BI1IG26Q4UGN,Alaska,female,-0.849209074,-0.106542147,republican,yes,protestant,caucasian,0.410849307,31:21.8
3MHW492WW0DBJ6DJ1TJIA92IGDBVMV,Texas,female,-0.849209074,0.46326104,independent,yes,roman catholic,caucasian,-0.615563148,56:57.4
3MMN5BL1WZ4R7XB0HJDCREAZOWY3MR,Indiana,male,-0.053970486,0.46326104,democrat,yes,protestant,caucasian,0.410849307,18:15.9
3MMN5BL1WZ4R7XB0HJDCREAZP0G3MI,Ohio,male,-0.053970486,0.46326104,democrat,yes,nothing,caucasian,-1.641975603,00:48.2
3MMN5BL1WZ4R7XB0HJDCREAZPXK3MG,New York,female,0.741268102,-1.246148522,independent,yes,protestant,caucasian,0.410849307,28:35.6
3MRNMEIQW565J7VCAWI94AHMG0IDLB,Texas,male,-0.849209074,0.46326104,democrat,yes,protestant,caucasian,-0.615563148,35:47.3
3MTMREQS4VINWU4ZU0Y9NKQWT5JWAH,Michigan,male,0.741268102,1.033064228,democrat,yes,agnostic,caucasian,1.437261761,17:04.2
3MX2NQ3YC9U5FOX8993EHSOH9W85X2,Indiana,female,-0.849209074,-0.106542147,independent,yes,protestant,caucasian,-0.615563148,17:11.4
3MX2NQ3YC9U5FOX8993EHSOH9WAX5W,New York,female,-0.053970486,-1.246148522,democrat,yes,nothing,caucasian,0.410849307,27:09.6
3N4BPTXIO8SGG3OGBRWXZA8VD7OKUJ,Illinois,male,0.741268102,0.46326104,republican,yes,protestant,caucasian,-0.615563148,44:41.3
3NC5L260MOMANCC5EUTRKRO1MMHOFZ,New Jersey,other,-0.053970486,-1.246148522,democrat,yes,protestant,caucasian,0.410849307,14:39.0
3NG53N1RLVJJTXEJLG00ZZC598PP8V,Illinois,male,-0.849209074,0.46326104,democrat,yes,roman catholic,caucasian,-0.615563148,34:16.3
3NG53N1RLVJJTXEJLG00ZZC5A0JP8A,Georgia,female,0.741268102,0.46326104,democrat,yes,nothing,african american,-1.641975603,49:38.0
3NG53N1RLVJJTXEJLG00ZZC5A3T8P9,Florida,female,0.741268102,1.033064228,democrat,yes,protestant,caucasian,-0.615563148,35:31.3
3NGI5ARFTT51IXUYMVRLKPPXU8E1PT,Georgia,female,-1.644447662,0.46326104,republican,yes,roman catholic,caucasian,1.437261761,20:24.4
3NGI5ARFTT51IXUYMVRLKPPXUABP1I,Texas,female,0.741268102,0.46326104,democrat,yes,roman catholic,caucasian,0.410849307,22:54.9
3NGMS9VZTLIGHZZCFRA1XXFNVIWFF5,California,male,-1.644447662,-1.246148522,republican,yes,nothing,caucasian,0.410849307,11:20.7
3NJM2BJS4W6L504W2SG51L8O0HYPCQ,South Carolina,male,1.53650669,2.172670603,democrat,yes,athiest,caucasian,0.410849307,43:15.7
3NKQQ8O39Y582XI6JAAAVXD5SODUDH,Minnesota,female,-0.053970486,-1.81595171,democrat,no,protestant,caucasian,-0.615563148,51:42.5
3NL0RFNU0FNHZ5U1WL5FM6A1EBV4K9,Arizona,male,-0.849209074,0.46326104,democrat,yes,protestant,caucasian,0.410849307,18:08.0
3NL0RFNU0FNHZ5U1WL5FM6A1ET64KK,Arizona,female,0.741268102,-1.246148522,democrat,yes,nothing,caucasian,-0.615563148,03:07.7
3NPI0JQDAO52RH67OEBVQV8SOW8TP9,Iowa,female,-0.053970486,1.033064228,republican,yes,roman catholic,caucasian,1.437261761,36:05.0
3NS0A6KXC48S0GM7RNAQIAVH75KZGB,Ohio,male,-0.849209074,2.172670603,republican,yes,roman catholic,caucasian,0.410849307,14:07.5
3NVC2EB65QZR1E0E0M1NL9X6WY4Y3N,Virginia,male,0.741268102,2.172670603,democrat,yes,athiest,latino/hispanic,0.410849307,55:53.5
3NXNZ5RS1AXU1WTTUMCXZ9GVSQW973,New York,male,0.741268102,1.033064228,republican,yes,roman catholic,caucasian,2.463674216,19:16.7
3NXNZ5RS1AXU1WTTUMCXZ9GVUWL976,Indiana,female,1.53650669,-1.246148522,democrat,yes,roman catholic,caucasian,-1.641975603,25:11.6
3OB0CAO74HP6VM7DF7QPP3YGGBTYHI,New York,female,-0.053970486,2.172670603,democrat,yes,protestant,caucasian,-0.615563148,15:02.1
3OF2M9AATGOX22IQHEV5G2NADEJKZ0,Georgia,female,-1.644447662,-1.81595171,democrat,yes,roman catholic,latino/hispanic,-1.641975603,49:35.1
3OJSZ2ATDSWB09RHRWZGNTBT8ZM75V,Texas,male,-0.053970486,0.46326104,republican,yes,protestant,asian,1.437261761,07:01.2
3OLF68YTN91LL8I44BO9JW4WY27AFB,Kansas,female,-0.053970486,0.46326104,republican,yes,roman catholic,latino/hispanic,-0.615563148,17:10.3
3OLF68YTN91LL8I44BO9JW4WYMGFAT,Washington,male,-0.053970486,-1.81595171,democrat,no,agnostic,caucasian,-0.615563148,49:52.2
3OLQQLKKNSP4GNLC36HGUDMFAILJE3,Michigan,male,-0.849209074,0.46326104,republican,yes,roman catholic,african american,-0.615563148,57:15.3
3OLQQLKKNSP4GNLC36HGUDMFAPAJE6,Florida,female,-0.053970486,-1.81595171,republican,yes,protestant,caucasian,0.410849307,47:33.3
3OLQQLKKNSP4GNLC36HGUDMFBRWEJS,Texas,male,-1.644447662,-1.246148522,democrat,yes,athiest,two or more,0.410849307,37:15.1
3ON104KXQKW8U5OILZOIAH4W11RW4M,New Jersey,female,-0.849209074,-1.81595171,independent,yes,nothing,caucasian,-1.641975603,25:37.0
3ON104KXQKW8U5OILZOIAH4W12Z4W4,Georgia,male,-0.053970486,0.46326104,republican,yes,protestant,caucasian,0.410849307,11:22.8
3ON104KXQKW8U5OILZOIAH4W1UT4WI,North Carolina,female,2.331745278,0.46326104,republican,yes,protestant,caucasian,0.410849307,02:41.1
3ON104KXQKW8U5OILZOIAH4WZPR4W4,New York,male,-0.849209074,0.46326104,democrat,no,agnostic,asian,-0.615563148,19:16.4
3OONKJ5DKCJKAV0P9S7V11XG7GGBOF,North Carolina,female,-0.849209074,0.46326104,democrat,yes,agnostic,caucasian,0.410849307,07:25.3
3OONKJ5DKCJKAV0P9S7V11XG7H2OBG,Maryland,female,-1.644447662,-1.246148522,democrat,yes,agnostic,caucasian,-1.641975603,34:45.9
3OS46CRSLFZ9U3SREDC1LD5WQDD6VD,New Jersey,male,0.741268102,-1.246148522,something else,no,nothing,latino/hispanic,-1.641975603,44:46.3
3OS4RQUCR9FQ4INWAPO5E7O2FNYBFI,Virginia,female,-0.053970486,-1.81595171,democrat,yes,nothing,caucasian,0.410849307,17:13.8
3OS4RQUCR9FQ4INWAPO5E7O2GJKBFX,Nevada,male,-0.053970486,-0.106542147,independent,yes,agnostic,latino/hispanic,0.410849307,29:53.7
3OSWBBLG1EX0J1C1OFLXF4C9N9VXDK,North Carolina,other,-0.849209074,-1.246148522,independent,yes,jewish,caucasian,-1.641975603,46:01.0
3OVHNO1VE61POWCGPX9ICPSKVVWDZ8,Michigan,male,-1.644447662,-1.81595171,independent,no,agnostic,two or more,-0.615563148,12:23.6
3OVHNO1VE61POWCGPX9ICPSKVWEZDE,North Carolina,male,-0.053970486,0.46326104,democrat,yes,mormon,caucasian,0.410849307,08:52.5
3OVHNO1VE61POWCGPX9ICPSKVZKZDQ,Virginia,male,0.741268102,0.46326104,independent,no,nothing,caucasian,1.437261761,55:06.6
3OVR4I9USPJ3A8SW9QPCISMADUK4QO,Connecticut,female,-0.849209074,0.46326104,democrat,yes,roman catholic,caucasian,0.410849307,18:32.5
3OWEPKL089CFQYXNVWV2HABFYOX7N3,Georgia,female,-0.849209074,-1.81595171,republican,no,athiest,caucasian,0.410849307,46:41.0
3OWEPKL089CFQYXNVWV2HABFZ0DN7O,Oregon,female,-0.053970486,0.46326104,republican,yes,agnostic,caucasian,0.410849307,39:04.2
3OWEPKL089CFQYXNVWV2HABFZKF7NE,Kansas,female,0.741268102,0.46326104,independent,yes,nothing,two or more,0.410849307,32:26.1
3OXV7EAXLEQPIUQ8U36V2IDDXS9631,Washington,female,-0.053970486,0.46326104,independent,yes,agnostic,caucasian,0.410849307,59:26.9
3OXV7EAXLEQPIUQ8U36V2IDDZS436V,Michigan,female,0.741268102,-0.106542147,republican,yes,protestant,caucasian,0.410849307,31:38.1
3P1L2B7AD1PWN4M105WPF4TLKEJLOA,Colorado,female,-0.053970486,0.46326104,democrat,no,hindu,asian,2.463674216,02:56.4
3P4MQ7TPPXC0R1BG5N29VHXH1LZBBM,Tennessee,male,-0.849209074,0.46326104,republican,yes,roman catholic,african american,0.410849307,11:16.9
3P4RDNWND56GWSNYZP77FSK72FOJIG,Virginia,female,-0.849209074,0.46326104,republican,yes,roman catholic,caucasian,1.437261761,04:37.2
3P59JYT76LK6ZA51MG0JUI0ZBICT28,Utah,female,1.53650669,0.46326104,democrat,yes,buddhist,caucasian,-0.615563148,00:10.1
3P59JYT76LK6ZA51MG0JUI0ZDL22TF,Florida,male,0.741268102,0.46326104,democrat,yes,roman catholic,caucasian,1.437261761,30:01.5
3PB5A5BD0V69G6G18SI7RQ2IYN2G7I,Oregon,female,0.741268102,2.172670603,democrat,yes,agnostic,caucasian,0.410849307,26:42.8
3PH3VY7DJLXOX2C76SE84DH50PEWZ2,Colorado,female,1.53650669,-0.106542147,democrat,yes,roman catholic,caucasian,-1.641975603,02:46.1
3PH3VY7DJLXOX2C76SE84DH514GWZZ,New Jersey,female,-0.053970486,-1.246148522,democrat,yes,nothing,two or more,-0.615563148,26:45.2
3PH3VY7DJLXOX2C76SE84DH52AUZWT,Arizona,female,2.331745278,-0.106542147,democrat,yes,nothing,caucasian,0.410849307,03:41.5
3PH3VY7DJLXOX2C76SE84DH52Q6WZY,Massachusetts,female,3.126983865,1.033064228,independent,yes,roman catholic,asian,0.410849307,28:04.5
3PIWWX1FJJ6CR374H7S7RTZ7HVAJJT,Missouri,male,-0.849209074,-1.81595171,republican,yes,roman catholic,caucasian,-0.615563148,29:21.8
3PJUZCGDJ6GY1AYC4R43D9CQ5KA98K,Missouri,female,1.53650669,-1.81595171,republican,yes,protestant,caucasian,-0.615563148,15:52.2
3PMBY0YE2730DDOPL3K8FV89VBKC9I,New York,female,0.741268102,0.46326104,independent,yes,roman catholic,caucasian,-0.615563148,54:18.9
3PMBY0YE2730DDOPL3K8FV89VRDC97,Ohio,male,-0.053970486,1.602867415,democrat,yes,agnostic,caucasian,0.410849307,38:25.0
3PQ8K71NHXKQPH1WTV2H5VT51TDAAV,Georgia,female,-0.849209074,0.46326104,democrat,yes,protestant,two or more,-0.615563148,09:34.3
3PWWM24LHSYN1QDDJIPO3M4CYDA28S,California,male,-0.849209074,1.033064228,republican,yes,roman catholic,caucasian,1.437261761,22:59.4
3PXX5PX6LXYV8R6OZ92D06DBJ3DBAQ,Texas,male,0.741268102,0.46326104,independent,yes,roman catholic,asian,0.410849307,03:35.2
3PZDLQMM0TLPDT3Q0U5T580VO4TC26,California,female,-0.849209074,0.46326104,democrat,yes,agnostic,asian,0.410849307,12:24.3
3PZDLQMM0TLPDT3Q0U5T580VP612C9,Connecticut,female,-0.053970486,-1.246148522,independent,no,protestant,african american,0.410849307,13:43.4
3Q5C1WP23M1XPNCF2GI7MJKG3BD51H,Florida,male,1.53650669,0.46326104,democrat,yes,nothing,caucasian,-0.615563148,10:35.7
3Q5C1WP23M1XPNCF2GI7MJKG5WW154,Illinois,female,-1.644447662,0.46326104,democrat,yes,athiest,caucasian,0.410849307,29:15.8
3Q5ZZ9ZEVOFF0NW011RM1T7OIN058V,California,female,0.741268102,0.46326104,independent,yes,orthodox,caucasian,1.437261761,20:59.0
3Q5ZZ9ZEVOFF0NW011RM1T7OJ3Y58Q,Illinois,male,-0.849209074,-0.106542147,independent,no,agnostic,caucasian,0.410849307,57:31.1
3Q8GYXHFEP2HCQMDID7R3F379POC5Y,Pennsylvania,male,-0.053970486,-1.246148522,democrat,yes,protestant,caucasian,-0.615563148,24:31.8
3QAPZX2QN4D5J18AOEC9A7YUE8W20O,Indiana,male,0.741268102,-1.81595171,democrat,yes,agnostic,caucasian,-1.641975603,25:10.6
3QAPZX2QN4D5J18AOEC9A7YUEAA206,Michigan,female,-0.053970486,0.46326104,democrat,yes,buddhist,asian,1.437261761,26:42.7
3QAPZX2QN4D5J18AOEC9A7YUGUQ02Q,California,male,-0.849209074,0.46326104,independent,yes,roman catholic,asian,-0.615563148,54:49.4
3QAVNHZ3EM47L0S0QMR7E99GVXMAL7,"Washington, D.C.",male,-0.053970486,0.46326104,republican,yes,roman catholic,latino/hispanic,0.410849307,37:11.4
3QECW5O0KH1YY7OO4Z2HSP3BXH0T5M,Florida,female,-0.053970486,-1.246148522,democrat,no,agnostic,caucasian,-1.641975603,32:47.9
3QHK8ZVMIMIC4AXSW0R39KTMCJKLBX,Kentucky,male,-0.849209074,-1.246148522,democrat,yes,athiest,caucasian,-1.641975603,17:09.9
3QILPRALQ5VJQC2651N8VA7A9808NO,Nebraska,other,-1.644447662,0.46326104,something else,yes,nothing,caucasian,-0.615563148,17:26.7
3QJOXOW4XJRUHVRX63U8A5EWFLQEMV,Illinois,male,0.741268102,-1.246148522,independent,yes,protestant,african american,-0.615563148,37:51.9
3QJOXOW4XJRUHVRX63U8A5EWGHEEMC,Florida,male,0.741268102,-1.81595171,republican,yes,protestant,caucasian,-0.615563148,05:04.2
3QXNC7EIPIVGJLT99NROKU68KDJ90Y,Virginia,female,-0.849209074,0.46326104,something else,no,nothing,latino/hispanic,0.410849307,45:36.3
3QY7M81QH7MEISCKYJ3MPIUB4177KT,Alabama,female,-0.849209074,-1.246148522,democrat,no,protestant,caucasian,1.437261761,34:20.4
3QY7M81QH7MEISCKYJ3MPIUB5PA7K9,New Jersey,male,-0.849209074,0.46326104,democrat,yes,agnostic,asian,0.410849307,30:24.4
3R2PKQ87NW86X0TJ2MKZVKCO7EUIM5,Washington,male,-0.849209074,0.46326104,independent,yes,protestant,caucasian,-0.615563148,20:30.0
3R2PKQ87NW86X0TJ2MKZVKCO9KZMIS,Virginia,female,0.741268102,2.172670603,independent,yes,protestant,caucasian,0.410849307,46:33.8
3R2UR8A0IAGRNY3QEOZDQYO8QB3XOT,Texas,female,-0.849209074,0.46326104,democrat,yes,roman catholic,asian,0.410849307,18:09.4
3R2UR8A0IAGRNY3QEOZDQYO8R2WXO5,Wyoming,female,-0.849209074,2.172670603,independent,yes,nothing,caucasian,-0.615563148,48:41.5
3R6BYFZZP7CXHLQXFLGN34FUYQMFXV,Michigan,female,1.53650669,-1.246148522,democrat,yes,nothing,caucasian,-0.615563148,39:30.0
3R6P78PK7KBWE4D8LVL8WMU0L1RTG1,Michigan,female,-0.849209074,0.46326104,democrat,yes,agnostic,caucasian,0.410849307,57:48.9
3R8YZBNQ9HI0TVAFBONJL46K4WU7QV,New York,female,-0.053970486,2.172670603,democrat,yes,orthodox,caucasian,1.437261761,55:28.9
3R9WASFE2ZGMMGQCG3480PV56QKZFC,Georgia,female,-0.849209074,-1.246148522,democrat,yes,protestant,african american,-0.615563148,24:08.2
3R9WASFE2ZGMMGQCG3480PV57NJZF6,Florida,male,-0.849209074,0.46326104,democrat,yes,protestant,caucasian,0.410849307,38:40.2
3R9WASFE2ZGMMGQCG3480PV57NQFZT,California,female,-0.849209074,0.46326104,independent,yes,nothing,two or more,-1.641975603,08:14.0
3RANCT1ZVFHFN0KM5EJ407P5QRPBUS,Arizona,female,1.53650669,1.033064228,democrat,yes,protestant,caucasian,0.410849307,56:59.4
3RGU30DZTA82SBDPK45Z7LROJMEMJ1,Missouri,female,0.741268102,0.46326104,democrat,yes,agnostic,caucasian,1.437261761,14:09.2
3RJSC4XJ10UXIYRX6XE78E160L905H,California,female,1.53650669,-1.81595171,democrat,yes,nothing,caucasian,-0.615563148,31:35.1
3RSDURM96AMUBCGBP6IJ4013PRHYEB,Michigan,female,-0.849209074,-1.246148522,republican,yes,protestant,caucasian,-0.615563148,01:22.2
3RSDURM96AMUBCGBP6IJ4013PRNEYX,California,male,-0.849209074,0.46326104,democrat,yes,roman catholic,caucasian,-0.615563148,39:19.4
3RSDURM96AMUBCGBP6IJ4013PS6YE2,North Carolina,female,0.741268102,0.46326104,independent,yes,protestant,caucasian,0.410849307,05:47.5
3RU7GD8VPOT1CHTSZE65GQC6K9GSPV,Virginia,female,-0.849209074,1.033064228,republican,yes,protestant,caucasian,1.437261761,02:57.6
3RU7GD8VPOT1CHTSZE65GQC6K9SPS4,Ohio,male,0.741268102,1.033064228,democrat,yes,agnostic,caucasian,0.410849307,17:20.0
3RU7GD8VPOT1CHTSZE65GQC6MCXSPK,Mississippi,male,0.741268102,-0.676345335,democrat,no,nothing,latino/hispanic,0.410849307,58:34.9
3RXPCZQMQPBV5K1ZJC1YQGB5VDT1GL,Oklahoma,female,-0.849209074,-1.246148522,democrat,no,agnostic,caucasian,-1.641975603,26:28.6
3RYC5T2D73TPB2TFKP60QG7AYERRPE,California,female,-0.849209074,-0.676345335,independent,no,nothing,african american,-1.641975603,51:48.2
3S06PH7KSR4ST0R8HM0QKV88GPC1DG,Georgia,female,-1.644447662,-1.246148522,democrat,no,protestant,african american,-1.641975603,27:05.2
3S06PH7KSR4ST0R8HM0QKV88IQJ1DR,Pennsylvania,female,0.741268102,0.46326104,democrat,yes,agnostic,caucasian,0.410849307,55:03.3
3S0TNUHWKTIA40BTG795Z5VGV4XD8A,New York,male,-0.053970486,-1.81595171,democrat,yes,athiest,caucasian,0.410849307,18:13.5
3S3AMIZX3U5CG316XJPA1RRZMBCDC7,Illinois,female,0.741268102,1.033064228,independent,yes,agnostic,asian,0.410849307,41:38.6
3S4AW7T80BISJBCJHLHG16NG1L5L4G,Oregon,female,0.741268102,0.46326104,democrat,yes,agnostic,caucasian,-0.615563148,11:13.6
3S4AW7T80BISJBCJHLHG16NG3704L4,Texas,female,-0.849209074,-1.246148522,independent,yes,athiest,caucasian,-0.615563148,11:15.6
3S96KQ6I9M4T2K3HJ5K0Q1R3A2HDT5,Oregon,male,0.741268102,-0.106542147,democrat,yes,agnostic,caucasian,-1.641975603,12:27.2
3S96KQ6I9M4T2K3HJ5K0Q1R3BNDTDO,Texas,male,1.53650669,0.46326104,democrat,yes,roman catholic,caucasian,-0.615563148,09:03.9
3SB4CE2TJVV2LU9P45UVP343277XAT,Indiana,male,-0.849209074,0.46326104,something else,yes,protestant,caucasian,-1.641975603,30:40.2
3SB4CE2TJVV2LU9P45UVP3432M8AX1,Oklahoma,male,0.741268102,-0.106542147,independent,no,protestant,caucasian,0.410849307,13:13.3
3SB5N7Y3O34VYVGHNTXYCBSVPY5G04,Texas,male,-0.849209074,0.46326104,democrat,yes,agnostic,caucasian,-0.615563148,37:16.8
3SB5N7Y3O34VYVGHNTXYCBSVQ070GV,Oklahoma,male,2.331745278,1.033064228,democrat,yes,roman catholic,caucasian,0.410849307,53:01.6
3SBEHTYCWN36RHIXLP8APFZVHK1YIX,North Carolina,male,-0.053970486,0.46326104,independent,yes,nothing,caucasian,0.410849307,11:06.4
3SBEHTYCWN36RHIXLP8APFZVHL2IYK,Arizona,male,1.53650669,0.46326104,republican,yes,protestant,caucasian,2.463674216,28:41.4
3SBEHTYCWN36RHIXLP8APFZVHZRYIH,New York,female,-0.849209074,0.46326104,democrat,yes,nothing,caucasian,1.437261761,49:41.1
3SITXWYCNV9744EHAJURKEO9K97XB7,New York,female,-0.849209074,0.46326104,democrat,yes,roman catholic,caucasian,0.410849307,05:45.2
3SKEMFQBZ35II6H38OVS3IQ6GGH8KC,Kentucky,female,-0.849209074,2.172670603,independent,yes,athiest,caucasian,2.463674216,38:47.3
3SKRO2GZ71R076XI93MDO83Y29KK1B,Connecticut,female,-0.849209074,-1.81595171,democrat,yes,agnostic,caucasian,-1.641975603,41:18.3
3SLE99ER0NDW9ZEWB1ICHZ4KRSSBZ6,Michigan,female,0.741268102,-1.246148522,independent,yes,agnostic,caucasian,-1.641975603,18:20.2
3SLE99ER0NDW9ZEWB1ICHZ4KSB8ZBD,Texas,female,0.741268102,-0.106542147,independent,yes,roman catholic,caucasian,-0.615563148,34:06.6
3SLE99ER0NDW9ZEWB1ICHZ4KTXTBZJ,Rhode Island,female,-0.849209074,0.46326104,democrat,yes,agnostic,caucasian,0.410849307,27:16.5
3SNLUL3WO4NR096YWR8YEALA00GUL3,Colorado,male,-0.053970486,0.46326104,independent,yes,protestant,african american,0.410849307,49:32.2
3SNVL38CI4SKU97GP0BX54MP4V6KC8,Pennsylvania,male,1.53650669,-0.106542147,democrat,yes,agnostic,caucasian,-0.615563148,45:05.8
3SPJ03342132MS2337TA1GEVT3XYJN,Ohio,male,1.53650669,0.46326104,democrat,yes,athiest,caucasian,0.410849307,18:31.9
3SPJ03342132MS2337TA1GEVU4OJY2,Ohio,male,0.741268102,0.46326104,republican,yes,mormon,caucasian,-0.615563148,09:52.9
3SPJ03342132MS2337TA1GEVUZJYJ2,Iowa,female,-0.849209074,1.033064228,democrat,yes,protestant,african american,0.410849307,34:49.1
3SUWZRL0MYDSSS65JNNRL9HAPL86EA,Pennsylvania,male,0.741268102,-0.106542147,democrat,yes,roman catholic,caucasian,0.410849307,13:07.2
3T111IHZ5EQ4JFD830A34Q7VV7S9RG,Pennsylvania,male,-0.849209074,0.46326104,democrat,yes,roman catholic,caucasian,0.410849307,37:48.1
3T3IWE1XG6NNRT7MORQKQ0Y2TRXTQ1,Iowa,female,-0.849209074,0.46326104,something else,yes,nothing,caucasian,1.437261761,49:51.5
3TAYZSBPLL85KASMXGVTKD4D92OS2E,Hawaii,male,-0.849209074,-0.106542147,republican,yes,athiest,caucasian,0.410849307,49:46.1
3TDXMTX3CBU48X8RF6DI6OF2IBY6IX,New Jersey,female,-1.644447662,-1.246148522,democrat,yes,roman catholic,african american,0.410849307,45:20.3
3TE3O857308TJVS9IRVOU3ZHPOB2RK,Pennsylvania,female,-0.849209074,-1.246148522,independent,yes,athiest,caucasian,0.410849307,21:56.9
3TE3O857308TJVS9IRVOU3ZHPPO2RZ,Texas,female,-0.053970486,0.46326104,democrat,no,nothing,caucasian,-0.615563148,45:27.3
3TOK3KHVJTIX8JXZWBVFWZBKQ3W7OO,Illinois,male,-1.644447662,0.46326104,something else,yes,athiest,african american,-1.641975603,56:20.3
3TPZPLC3M0CXS08D9Z548I4UV6L3PB,Illinois,male,1.53650669,1.033064228,something else,yes,agnostic,caucasian,0.410849307,04:19.9
3TS1AR6UQQE326K6X8CP9526X9Y7F8,Pennsylvania,female,1.53650669,-1.246148522,democrat,yes,roman catholic,caucasian,-1.641975603,16:40.9
3TS1AR6UQQE326K6X8CP9526XHFF7D,California,female,-0.053970486,0.46326104,democrat,yes,athiest,caucasian,0.410849307,33:04.9
3TU5ZICBRD14T9FYLTFPZ42FFGYQ8Z,California,female,1.53650669,0.46326104,independent,yes,buddhist,asian,0.410849307,47:30.9
3TXD01ZLD4HV21ZDQZ9HSTJZGEOU4F,Texas,female,-1.644447662,-1.81595171,republican,yes,nothing,caucasian,-0.615563148,05:19.0
3TXD01ZLD4HV21ZDQZ9HSTJZGTRU4C,Pennsylvania,female,-0.053970486,-0.676345335,republican,yes,agnostic,caucasian,-0.615563148,25:39.9
3TXD01ZLD4HV21ZDQZ9HSTJZHNEU4O,New Jersey,female,1.53650669,-1.246148522,republican,no,roman catholic,caucasian,1.437261761,09:34.9
3TXMY6UCAEO65C5B25VU1QYY5P0QCM,California,male,-0.849209074,1.033064228,something else,no,athiest,caucasian,-0.615563148,28:06.0
3TXWC2NHNZQGKUDLIPA8U0CRGDQ9SQ,Florida,male,1.53650669,0.46326104,independent,yes,protestant,caucasian,-1.641975603,21:35.1
3TY7ZAOG5FK00HC0DKIDA3KOXIB0KN,North Carolina,female,1.53650669,0.46326104,democrat,yes,jewish,caucasian,0.410849307,09:37.3
3TYCR1GOTCJ8M8082E76V20P424LZY,Minnesota,male,-0.849209074,-0.106542147,republican,yes,athiest,caucasian,0.410849307,31:15.1
3TYCR1GOTCJ8M8082E76V20P43SLZO,Florida,male,-0.053970486,0.46326104,republican,yes,athiest,caucasian,0.410849307,12:54.0
3U088ZLJVKTRVH6H2Y1GYEEJJMRW0F,New York,male,1.53650669,0.46326104,democrat,yes,agnostic,caucasian,1.437261761,14:08.7
3U088ZLJVKTRVH6H2Y1GYEEJK9R0WU,Georgia,male,-0.849209074,-2.385754897,something else,yes,protestant,caucasian,-1.641975603,22:22.5
3U0SRXB7CD5P8HH24AT8MR2F014NRY,Washington,female,0.741268102,-1.81595171,democrat,no,roman catholic,native american,-1.641975603,59:22.9
3U0SRXB7CD5P8HH24AT8MR2F0FMRNC,Kansas,female,-0.053970486,-1.81595171,independent,no,agnostic,caucasian,-0.615563148,03:12.7
3U0SRXB7CD5P8HH24AT8MR2F15MRNT,Massachusetts,female,-0.053970486,1.033064228,independent,no,buddhist,asian,0.410849307,14:56.7
3U4J9857OEBDPP8QS6QTQFBLHZFB7E,Florida,male,-0.849209074,0.46326104,republican,yes,nothing,caucasian,0.410849307,21:16.6
3U4J9857OEBDPP8QS6QTQFBLHZHB7G,Arizona,female,0.741268102,-1.81595171,independent,yes,athiest,caucasian,-0.615563148,23:28.1
3U4J9857OEBDPP8QS6QTQFBLICVB7L,Massachusetts,male,-0.849209074,0.46326104,republican,yes,protestant,caucasian,2.463674216,21:49.4
3U84XHCDICDCO0TNWM8P9LYEGRV4ZU,Virginia,male,-0.849209074,-1.81595171,democrat,yes,agnostic,caucasian,-0.615563148,16:32.8
3U84XHCDICDCO0TNWM8P9LYEGVPZ4R,Texas,female,-0.849209074,-1.246148522,independent,yes,agnostic,latino/hispanic,-1.641975603,29:32.7
3U84XHCDICDCO0TNWM8P9LYEIODZ43,California,female,0.741268102,0.46326104,democrat,yes,jewish,caucasian,0.410849307,41:22.5
3U8YCDAGXPGMBKAVQP2A6PWXWHW0QU,Ohio,female,-0.053970486,1.033064228,democrat,yes,agnostic,caucasian,0.410849307,30:34.2
3U8YCDAGXPGMBKAVQP2A6PWXWNO0QY,Georgia,male,-0.849209074,0.46326104,democrat,yes,nothing,african american,2.463674216,43:33.0
3UJ1CZ6IZHPXJ7B9FZXRIK7PTC85SL,Texas,female,-0.849209074,0.46326104,democrat,yes,athiest,latino/hispanic,-0.615563148,19:06.1
3UJ1CZ6IZHPXJ7B9FZXRIK7PVDY5SF,Massachusetts,male,-0.053970486,2.172670603,democrat,yes,protestant,caucasian,0.410849307,00:09.2
3UJ1CZ6IZHPXJ7B9FZXRIK7PVIVS59,Florida,male,-0.849209074,-1.81595171,republican,yes,protestant,caucasian,-0.615563148,52:49.2
3UN61F00HWPLISBW0AXMSA2T78QR5G,New York,female,-0.849209074,0.46326104,independent,no,protestant,african american,1.437261761,48:13.1
3UN61F00HWPLISBW0AXMSA2T96QR5E,South Carolina,female,-0.053970486,1.033064228,independent,yes,roman catholic,caucasian,0.410849307,08:32.1
3UN61F00HWPLISBW0AXMSA2T9C35RH,Connecticut,female,-0.849209074,1.033064228,republican,yes,protestant,caucasian,1.437261761,12:32.0
3VA45EW49NNJXXIX7VE6VPK7LCYO1Y,Pennsylvania,male,-0.849209074,-1.246148522,democrat,yes,roman catholic,african american,0.410849307,19:45.2
3VAR3R6G1P118X2I6GNLAZ7F0EU8OL,Ohio,female,0.741268102,-0.106542147,democrat,yes,nothing,caucasian,-0.615563148,58:45.2
3VAR3R6G1P118X2I6GNLAZ7FYDLO8O,California,female,-0.053970486,0.46326104,republican,yes,mormon,asian,0.410849307,59:27.0
3VD82FOHKQO3K0SVNS3QCL3YO3JOC5,Virginia,male,0.741268102,-1.246148522,democrat,yes,nothing,caucasian,0.410849307,50:18.7
3VD82FOHKQO3K0SVNS3QCL3YQ5BOC3,California,male,-0.849209074,0.46326104,democrat,yes,protestant,caucasian,-0.615563148,33:20.6
3VD82FOHKQO3K0SVNS3QCL3YQMNOCD,North Carolina,male,-0.849209074,0.46326104,republican,yes,protestant,caucasian,2.463674216,39:33.0
3VE8AYVF8MX72KPP7D4VN5Y18578FN,Virginia,female,0.741268102,1.033064228,republican,yes,protestant,caucasian,-0.615563148,34:47.2
3VE8AYVF8MX72KPP7D4VN5Y18EWF81,Connecticut,female,-0.849209074,0.46326104,democrat,yes,athiest,caucasian,1.437261761,37:38.9
3VHHR074H3HP2YU2JJFN4I7QUXZ7LC,Nevada,male,0.741268102,-1.246148522,republican,yes,athiest,asian,0.410849307,12:06.7
3VNL7UK1XFJQ04HDABFQE1UOLUYFTC,Massachusetts,female,-0.849209074,0.46326104,democrat,yes,agnostic,caucasian,0.410849307,16:05.8
3VNL7UK1XFJQ04HDABFQE1UOMS4TFT,Virginia,male,1.53650669,-0.676345335,independent,yes,protestant,african american,-0.615563148,38:14.3
3VSOLARPKB9C0DS6SA97MS4FNPO93E,Missouri,male,-0.053970486,-0.106542147,republican,yes,protestant,caucasian,-0.615563148,29:50.9
3VSOLARPKB9C0DS6SA97MS4FOXQ39R,Virginia,male,-0.849209074,0.46326104,independent,yes,athiest,caucasian,-0.615563148,28:08.1
3VW6495TLJ0SHHX2P7UDB3TJ7IZYYX,Pennsylvania,male,-0.053970486,0.46326104,independent,yes,agnostic,caucasian,0.410849307,16:46.7
3VZLGYJEYLA3M2HXGXAU6WVCA36XZ7,North Carolina,female,-0.849209074,0.46326104,independent,yes,nothing,african american,0.410849307,16:19.8
3VZLGYJEYLA3M2HXGXAU6WVCC0UZXT,Indiana,female,-0.053970486,-1.246148522,independent,yes,protestant,caucasian,-0.615563148,29:41.0
3W2LOLRXLBFO0BWZ7X1SUZLB5F6KRE,New Jersey,male,0.741268102,0.46326104,republican,yes,roman catholic,caucasian,2.463674216,40:16.1
3W2LOLRXLBFO0BWZ7X1SUZLB68UKRP,Missouri,female,0.741268102,0.46326104,democrat,yes,athiest,caucasian,0.410849307,37:33.2
3W8CV64QJ2ZRULZ57VY9QM5P8439H4,Connecticut,male,-0.053970486,0.46326104,independent,yes,roman catholic,latino/hispanic,1.437261761,34:29.4
3W8CV64QJ2ZRULZ57VY9QM5P8TUH9H,Maine,female,-0.053970486,-2.385754897,independent,yes,protestant,caucasian,-0.615563148,06:12.8
3WAKVUDHUWGSLOHWSX7OV5396KMU7E,Michigan,male,1.53650669,-1.81595171,independent,no,athiest,caucasian,-0.615563148,18:53.1
3WETL7AQWT8TZQQUPKWQACZD12E53A,Tennessee,female,0.741268102,-1.246148522,republican,yes,protestant,caucasian,1.437261761,15:09.9
3WETL7AQWT8TZQQUPKWQACZD3XZ53N,Texas,female,-0.053970486,-1.246148522,republican,yes,protestant,native american,-1.641975603,10:57.2
3WEV0KO0OMSSNKQ2U5FAGWVH7Y4DSA,Wisconsin,male,-0.849209074,1.033064228,democrat,yes,agnostic,caucasian,0.410849307,23:13.2
3WJ1OXY92AGC6T8HWXI394NABPO8A4,New Jersey,female,0.741268102,1.033064228,democrat,yes,roman catholic,latino/hispanic,2.463674216,56:40.8
3WJEQKOXA82UVTOWXC9OUU02WAUA1F,Virginia,female,0.741268102,-1.81595171,democrat,yes,athiest,african american,0.410849307,57:16.2
3WJEQKOXA82UVTOWXC9OUU02XIAA1C,California,male,-0.053970486,-1.246148522,democrat,yes,athiest,caucasian,1.437261761,45:59.2
3WJEQKOXA82UVTOWXC9OUU02XSM1AZ,Texas,male,-0.053970486,-1.81595171,independent,no,athiest,latino/hispanic,0.410849307,35:23.7
3WJEQKOXA82UVTOWXC9OUU02Y0MA1P,California,male,-1.644447662,-1.246148522,republican,no,athiest,asian,1.437261761,24:32.5
3WLEIWSYHOHGU1E6MMJUGZXB2072HN,Pennsylvania,female,-0.053970486,-1.246148522,independent,yes,nothing,caucasian,-0.615563148,25:25.2
3WMINLGALB3EIWYUD9Y8BQJTZNPAC4,Indiana,male,2.331745278,-1.246148522,republican,yes,agnostic,caucasian,1.437261761,30:11.9
3WMOAN2SRBXH1OYJDUYINORILJGVNM,California,male,1.53650669,1.033064228,independent,yes,agnostic,asian,1.437261761,28:29.7
3WOKGM4L71GJQ8XFBCA6HK1XGKU0O9,Pennsylvania,female,-1.644447662,-1.246148522,democrat,yes,roman catholic,latino/hispanic,-1.641975603,24:18.4
3WOKGM4L71GJQ8XFBCA6HK1XHH4O02,Rhode Island,male,2.331745278,0.46326104,independent,yes,nothing,caucasian,-0.615563148,50:39.8
3WQQ9FUS6AUHP3D92BIZ4F7GT1NB84,Utah,female,-0.053970486,-0.676345335,democrat,yes,protestant,caucasian,0.410849307,01:11.9
3WR9XG3T63BT4QNHDRG6I15F83M47I,South Carolina,female,-0.849209074,0.46326104,republican,yes,roman catholic,caucasian,-0.615563148,35:59.7
3WRFBPLXRAOXPFW0TKSC4TZZUJLN3J,"Washington, D.C.",female,-0.849209074,1.602867415,democrat,yes,roman catholic,african american,0.410849307,11:38.0
3WS1NTTKEYCPKVKMC9RGUQSJNIYF0U,New Jersey,male,-0.053970486,-1.246148522,democrat,yes,nothing,caucasian,-1.641975603,35:11.6
3WS1NTTKEYCPKVKMC9RGUQSJP090FS,Illinois,female,0.741268102,1.033064228,republican,yes,roman catholic,caucasian,0.410849307,25:36.6
3WYGZ5XF3WF01QWCMM1XK9Q7Q2VSKL,Florida,female,-0.849209074,0.46326104,democrat,yes,athiest,caucasian,0.410849307,48:27.5
3WYP994K17RQYXNWJOZLSC9Q6PEY61,Tennessee,male,-0.053970486,0.46326104,independent,yes,protestant,caucasian,0.410849307,00:11.1
3X0H8UUIT1ORWQQTB0K08KK2DDBWS0,California,female,-0.053970486,0.46326104,democrat,yes,agnostic,african american,0.410849307,20:32.9
3X1FV8S5JXRBRWHXQQLNX4ILJUKVGD,Arizona,female,-0.053970486,-1.246148522,republican,yes,protestant,latino/hispanic,-0.615563148,02:18.5
3X3OR7WPZZ0T2CZLTO7TII3L45E8LK,California,female,-0.053970486,1.033064228,independent,yes,protestant,asian,0.410849307,46:18.2
3X3OR7WPZZ0T2CZLTO7TII3L4DZL8Y,South Carolina,male,-0.849209074,-1.246148522,democrat,yes,agnostic,african american,-0.615563148,25:48.0
3X3OR7WPZZ0T2CZLTO7TII3L5TXL8T,Tennessee,male,-0.849209074,0.46326104,democrat,no,roman catholic,asian,0.410849307,30:22.1
3X4JMASXCM9Z7E86775KB01YAZT0BG,Minnesota,male,-0.849209074,-1.81595171,republican,yes,athiest,caucasian,-0.615563148,13:35.3
3X4MXAO0BGOFVBQGWBKVIAF6TW6WRY,Michigan,female,-1.644447662,0.46326104,democrat,yes,nothing,caucasian,-1.641975603,59:09.3
3X65QVEQI0NVEFPYA0NYK4Z4V1MCLS,Florida,male,-0.849209074,0.46326104,independent,yes,agnostic,latino/hispanic,0.410849307,45:52.0
3X65QVEQI0NVEFPYA0NYK4Z4VTVCLL,California,female,1.53650669,0.46326104,democrat,yes,nothing,caucasian,-0.615563148,58:07.4
3X66WABAJWIRFNFE6GFHE9Q2T7WG31,New York,female,-0.053970486,-1.246148522,republican,yes,roman catholic,caucasian,0.410849307,45:04.6
3XC1O3LBOSMC0WR9WMIO9EZ8IQNTLY,Illinois,female,-0.053970486,-0.106542147,republican,no,roman catholic,caucasian,1.437261761,37:36.2
3XUHV3NRVKY8TYXT45LSE60NLXEH5S,Washington,female,2.331745278,-0.106542147,republican,yes,agnostic,caucasian,0.410849307,43:44.4
3XUHV3NRVKY8TYXT45LSE60NM2B5HO,Kansas,female,1.53650669,0.46326104,republican,yes,roman catholic,native american,0.410849307,31:00.0
3XUHV3NRVKY8TYXT45LSE60NNBLH5T,Minnesota,male,2.331745278,-0.106542147,republican,yes,protestant,caucasian,-0.615563148,50:46.1
3XXU1SWE8MVUO43E1T5OGPHSSZA0AN,Texas,male,-0.849209074,0.46326104,democrat,yes,roman catholic,caucasian,0.410849307,30:29.8
3Y4W8Q93LZK8FC76O0KFRJFO7YKDVU,Alabama,female,0.741268102,0.46326104,democrat,yes,nothing,caucasian,-0.615563148,34:04.1
3Y5140Z9DXGCI3QWU2CRCO6JCJ5IP1,Virginia,female,-0.053970486,-0.106542147,democrat,yes,athiest,caucasian,0.410849307,14:39.9
3Y5140Z9DXGCI3QWU2CRCO6JDYDPIB,Kentucky,female,1.53650669,-0.106542147,democrat,yes,protestant,caucasian,-0.615563148,22:15.5
3Y54SXRO1LLFJME350AP01VRWEVTU2,North Carolina,male,-1.644447662,-1.246148522,republican,yes,protestant,caucasian,-1.641975603,29:36.7
3Y54SXRO1LLFJME350AP01VRWJFUTX,Oregon,male,-0.849209074,0.46326104,democrat,yes,athiest,caucasian,-0.615563148,43:07.6
3Y54SXRO1LLFJME350AP01VRWWIUTQ,Michigan,female,-0.053970486,-1.81595171,independent,no,nothing,african american,-0.615563148,02:00.3
3Y9N9SS8LYBO335N4QE98ON5FI53D8,Utah,male,-0.849209074,-1.246148522,democrat,yes,athiest,caucasian,-1.641975603,14:17.6
3Y9N9SS8LYBO335N4QE98ON5GLL3DV,Hawaii,female,-0.849209074,0.46326104,democrat,yes,agnostic,asian,0.410849307,58:08.0
3YDGXNSEOZUX44S0NW8CW11AHJB48E,North Carolina,male,-0.053970486,0.46326104,independent,yes,roman catholic,caucasian,1.437261761,49:20.6
3YDGXNSEOZUX44S0NW8CW11AJJD48I,Minnesota,female,-0.849209074,1.602867415,don't know,yes,roman catholic,caucasian,1.437261761,56:16.4
3YDTZAI2WXGFT48FOBZXHRE23GQ41L,Illinois,female,-0.849209074,-1.246148522,democrat,yes,protestant,african american,0.410849307,33:19.9
3YGXWBAF70HZG7ID48OHYNXT9ECC4I,North Carolina,female,-0.053970486,0.46326104,democrat,yes,protestant,caucasian,0.410849307,40:17.3
3YHH42UU5BFBKNUIYKUEP3X3LFNL0B,New York,male,-0.053970486,0.46326104,democrat,yes,agnostic,african american,0.410849307,17:45.0
3YHH42UU5BFBKNUIYKUEP3X3LFPL0D,Pennsylvania,male,-0.849209074,0.46326104,democrat,yes,athiest,caucasian,0.410849307,25:16.4
3YMU66OBIN869VMDL14JI3RCCJGGHO,Georgia,female,-0.053970486,0.46326104,democrat,yes,protestant,african american,-1.641975603,08:30.4
3YOH7BII097GTIDGGH62VWAEP7KVKQ,Nebraska,male,-0.053970486,1.033064228,something else,yes,agnostic,caucasian,-0.615563148,47:00.0
3YOH7BII097GTIDGGH62VWAER3WVKW,Connecticut,male,2.331745278,1.033064228,democrat,yes,athiest,caucasian,1.437261761,08:26.4
3YOH7BII097GTIDGGH62VWAER7MKVJ,Minnesota,male,0.741268102,0.46326104,democrat,yes,roman catholic,caucasian,0.410849307,00:27.8
3YT88D1N08YWH9BXW70WC1IVZDE3K5,Texas,female,-0.849209074,0.46326104,democrat,yes,agnostic,caucasian,-0.615563148,57:47.4
3YT88D1N08YWH9BXW70WC1IVZR23KL,Colorado,male,-0.849209074,-1.246148522,independent,no,agnostic,caucasian,-1.641975603,22:15.2
3YW4XOSQKQLEA22U3HQFUVCW3YN1UP,Nebraska,male,-0.849209074,0.46326104,democrat,yes,protestant,caucasian,0.410849307,18:06.2
3YW4XOSQKQLEA22U3HQFUVCW4VKU1A,Florida,male,-0.849209074,0.46326104,democrat,yes,roman catholic,african american,-0.615563148,34:26.0
3YWRV122CSZWL2MF22ZU95Z4I0E8UU,California,male,-0.849209074,-0.106542147,democrat,yes,agnostic,latino/hispanic,-0.615563148,31:18.0
3Z2R0DQ0JHE4ARN4WLBOVW0YACWE2K,South Carolina,male,-0.849209074,0.46326104,something else,yes,protestant,caucasian,0.410849307,50:19.2
3Z2R0DQ0JHE4ARN4WLBOVW0YASPE29,Florida,female,1.53650669,-1.246148522,republican,no,nothing,caucasian,-0.615563148,32:39.3
3Z3ZLGNNSIUISC9S9CKT8NU4ZDY3QE,California,male,-1.644447662,-1.81595171,democrat,yes,athiest,caucasian,-1.641975603,41:23.9
3Z3ZLGNNSIUISC9S9CKT8NU4ZKXQ3E,New York,male,-0.849209074,1.033064228,democrat,yes,athiest,caucasian,0.410849307,00:16.1
3Z4AIRP3C6D6R6WP8M12E2B0Y1XX1D,Ohio,male,-0.053970486,0.46326104,democrat,yes,protestant,asian,0.410849307,13:25.0
3Z4AIRP3C6D6R6WP8M12E2B0YCOX1Q,North Carolina,female,-0.849209074,0.46326104,democrat,yes,roman catholic,caucasian,-0.615563148,32:52.6
3Z4XG4ZF48RO26GA77AHTCY8CIUX8A,Ohio,male,-0.053970486,-0.676345335,republican,yes,protestant,caucasian,0.410849307,29:01.2
3Z4XG4ZF48RO26GA77AHTCY8CIV8XM,Arizona,female,0.741268102,-1.81595171,democrat,yes,nothing,caucasian,-1.641975603,30:59.1
3Z7EFSHGN9EQE96NOJQMVYUR29LCX1,Pennsylvania,female,0.741268102,0.46326104,republican,yes,athiest,caucasian,2.463674216,00:01.3
3Z7EFSHGN9EQE96NOJQMVYUR2A2CXK,Georgia,male,-0.849209074,1.033064228,democrat,yes,athiest,caucasian,-0.615563148,17:50.4
3Z7ISHFUH0VD71GP8PY2QXEJJM78Z4,California,male,1.53650669,-1.246148522,republican,yes,athiest,caucasian,-0.615563148,17:50.6
3Z7ISHFUH0VD71GP8PY2QXEJJM7Z8V,Georgia,female,-0.849209074,-0.106542147,democrat,yes,roman catholic,african american,0.410849307,18:31.1
3Z7ISHFUH0VD71GP8PY2QXEJKJ1Z8K,Massachusetts,female,-0.053970486,0.46326104,republican,yes,hindu,asian,2.463674216,25:09.8
3Z9WI9EOZZOBBHIWBSPYGVJ5IPGKHR,Utah,female,-0.053970486,1.033064228,republican,yes,mormon,caucasian,0.410849307,12:42.2
3Z9WI9EOZZOBBHIWBSPYGVJ5JYMHKD,California,male,-0.849209074,0.46326104,republican,yes,roman catholic,african american,-0.615563148,37:52.7
3ZAK8W07I4EE3DHC7YMFGQTMY6I0UM,Iowa,male,0.741268102,1.033064228,independent,yes,protestant,caucasian,-0.615563148,27:02.2
3ZAK8W07I4EE3DHC7YMFGQTMZ220UZ,California,female,-0.849209074,1.033064228,democrat,yes,protestant,african american,-0.615563148,37:04.5
3ZAZR5XV01IFJ462P1E7SJA29DSZC1,Virginia,male,-0.849209074,-1.246148522,republican,yes,protestant,caucasian,-1.641975603,15:39.0
3ZAZR5XV01IFJ462P1E7SJA2ATCZCI,New Mexico,female,-0.849209074,-1.246148522,independent,yes,protestant,caucasian,-1.641975603,10:55.3
3ZDAD0O1T1D70Q8YA5LCK8UVQ1PTXH,Michigan,male,-0.053970486,1.033064228,republican,yes,roman catholic,caucasian,1.437261761,40:48.0
3ZGVPD4G6THW5L8DBN9XHTA6Y1XZTU,Wisconsin,female,0.741268102,0.46326104,republican,yes,athiest,asian,1.437261761,50:30.5
3ZGVPD4G6THW5L8DBN9XHTA6YVDZTY,Pennsylvania,female,-0.849209074,-0.106542147,republican,yes,protestant,caucasian,0.410849307,34:20.1
3ZOTGHDK5IBJRHHRKETQRQ7GCFKOSY,Rhode Island,male,0.741268102,0.46326104,something else,yes,roman catholic,caucasian,-0.615563148,20:54.3
3ZOTGHDK5IBJRHHRKETQRQ7GCPWOSU,Illinois,female,0.741268102,-0.106542147,democrat,yes,roman catholic,asian,0.410849307,01:48.6
3ZPBJO59KP13XBCMJB3BCIOFXL9HDA,Indiana,female,-0.849209074,1.033064228,democrat,yes,roman catholic,caucasian,1.437261761,30:54.9
3ZPBJO59KP13XBCMJB3BCIOFZIEDH7,Mississippi,female,-0.849209074,1.033064228,independent,yes,protestant,caucasian,-0.615563148,51:52.7
3ZPPDN2SLVWFAB83HUQ35J8CG1G9EJ,California,female,-0.849209074,0.46326104,democrat,yes,nothing,caucasian,0.410849307,59:10.7
3ZPPDN2SLVWFAB83HUQ35J8CGOH9EU,Nebraska,female,-0.849209074,1.033064228,democrat,yes,buddhist,caucasian,-1.641975603,16:28.5
3ZPPDN2SLVWFAB83HUQ35J8CGOKE92,"Washington, D.C.",female,-0.053970486,-1.81595171,don't know,no,agnostic,caucasian,-0.615563148,42:01.9
3ZQIG0FLQEG7OI7X5VP5J749DI5WV8,Virginia,female,0.741268102,0.46326104,independent,yes,protestant,african american,0.410849307,25:34.9
3ZR9AIQJUB9FMFNXSSVX3MVS069409,Georgia,female,0.741268102,0.46326104,democrat,yes,protestant,caucasian,0.410849307,30:37.4
3ZV9H2YQQD7NC95ELLJZ0CCQMYBW3A,Wisconsin,female,1.53650669,-1.246148522,republican,yes,roman catholic,caucasian,0.410849307,15:24.8
3ZWFC4W1UU7DKP4L6MAVEMT6W0UFR9,Texas,female,-0.849209074,-1.246148522,independent,no,nothing,caucasian,0.410849307,55:06.8
3ZWFC4W1UU7DKP4L6MAVEMT6Y5OFRF,Illinois,male,-0.849209074,0.46326104,independent,yes,nothing,african american,-0.615563148,32:39.3